date,mkt_rf,smb,hml,umd,rf
1927-01-01,-6e-4,-0.0037,0.0454,0.0036,0.0025
1927-02-01,0.0418,4e-4,0.0294,-0.021400000000000002,0.0026
1927-03-01,0.0013,-0.0165,-0.026099999999999998,0.0361,0.003
1927-04-01,0.0046,0.003,0.008100000000000001,0.043,0.0025
1927-05-01,0.054400000000000004,0.015300000000000001,0.0473,0.03,0.003
1927-06-01,-0.023399999999999997,0.0059,-0.0173,0.006,0.0026
1927-07-01,0.0726,-0.0325,-0.011399999999999999,0.0431,0.003
1927-08-01,0.0197,-0.0069,-0.0374,0.013600000000000001,0.0028000000000000004
1927-09-01,0.047599999999999996,-0.0363,-0.0063,0.019799999999999998,0.0021
1927-10-01,-0.0431,0.0212,-0.0433,-0.0087,0.0025
1927-11-01,0.0658,0.027200000000000002,-0.0027,-0.0051,0.0021
1927-12-01,0.0209,0.0097,-0.0113,0.0321,0.0022
1928-01-01,-0.0068000000000000005,0.0426,-0.0075,-0.0052,0.0025
1928-02-01,-0.017,-0.0206,-0.006500000000000001,-0.0109,0.0033
1928-03-01,0.08810000000000001,-0.0026,-0.012199999999999999,0.047,0.0029
1928-04-01,0.042300000000000004,0.0398,0.0344,-0.0441,0.0022
1928-05-01,0.0152,0.0285,-0.0327,0.0302,0.0032
1928-06-01,-0.048499999999999995,-0.0352,-3e-4,0.0204,0.0031
1928-07-01,0.0062,-0.0132,-0.005,0.0265,0.0032
1928-08-01,0.0668,-0.0206,-0.0215,0.0354,0.0032
1928-09-01,0.0288,0.0241,0.0086,0.0345,0.0027
1928-10-01,0.013300000000000001,0.0222,-0.0216,0.051,0.0040999999999999995
1928-11-01,0.11810000000000001,-0.0178,0.027000000000000003,0.0209,0.0038
1928-12-01,0.0036,-0.0086,-0.006500000000000001,0.0154,6e-4
1929-01-01,0.0466,-0.0356,-0.0124,0.0245,0.0034000000000000002
1929-02-01,-0.0034000000000000002,-0.0038,0.0166,0.0305,0.0036
1929-03-01,-0.0089,-0.0471,0.0158,-0.0064,0.0034000000000000002
1929-04-01,0.0143,-0.0097,0.0059,0.0191,0.0036
1929-05-01,-0.0639,-0.0537,-0.014199999999999999,-0.0204,0.0044
1929-06-01,0.09699999999999999,-0.0217,-0.0279,0.086,0.0052
1929-07-01,0.0446,-0.0388,0.0271,0.0296,0.0033
1929-08-01,0.0818,-0.0959,0.0013,0.047,0.004
1929-09-01,-0.0547,0.011899999999999999,-0.006500000000000001,0.0297,0.0034999999999999996
1929-10-01,-0.20120000000000002,-0.0401,0.07780000000000001,0.040999999999999995,0.0046
1929-11-01,-0.1274,-0.0172,0.050499999999999996,-0.0239,0.0037
1929-12-01,0.013300000000000001,-0.045,-0.0054,0.0519,0.0037
1930-01-01,0.056100000000000004,0.0355,-0.0096,-0.0516,0.0014000000000000002
1930-02-01,0.025,0.0019,0.002,0.0062,0.003
1930-03-01,0.071,0.0341,0.0033,-0.044199999999999996,0.0034999999999999996
1930-04-01,-0.0206,-0.0034999999999999996,-0.0034999999999999996,0.0398,0.0021
1930-05-01,-0.0166,-0.020099999999999996,-0.0073,5e-4,0.0026
1930-06-01,-0.16269999999999998,-0.0338,0.0233,0.0664,0.0027
1930-07-01,0.0412,-0.0028000000000000004,-0.0175,-0.0219,0.002
1930-08-01,0.003,-0.021,-0.0060999999999999995,0.0395,9e-4
1930-09-01,-0.1275,-0.022099999999999998,-0.0496,0.1148,0.0022
1930-10-01,-0.08779999999999999,-0.0012,-0.0138,0.06860000000000001,9e-4
1930-11-01,-0.0304,0.0223,-0.0366,-0.0146,0.0013
1930-12-01,-0.0783,-0.046,-0.0525,0.1332,0.0014000000000000002
1931-01-01,0.062400000000000004,0.0345,0.0712,-0.1107,0.0015
1931-02-01,0.10880000000000001,0.0359,0.0192,-0.1447,4e-4
1931-03-01,-0.0643,0.0298,-0.0344,0.0946,0.0013
1931-04-01,-0.0998,-0.044500000000000005,-0.0382,0.114,8e-4
1931-05-01,-0.1324,0.0535,-0.06570000000000001,0.0926,9e-4
1931-06-01,0.139,-0.053200000000000004,0.11289999999999999,-0.1788,8e-4
1931-07-01,-0.0662,0.014199999999999999,-0.021099999999999997,0.0819,6e-4
1931-08-01,0.0040999999999999995,-0.0195,-0.0147,-0.035,3e-4
1931-09-01,-0.2913,0.0054,-0.0677,0.1015,3e-4
1931-10-01,0.08039999999999999,-0.0187,0.017,0.0327,0.001
1931-11-01,-0.0908,0.0431,-0.0504,0.0754,0.0017000000000000001
1931-12-01,-0.1353,-0.0055000000000000005,-0.0885,0.1416,0.0012
1932-01-01,-0.0158,0.0393,0.09029999999999999,-0.10869999999999999,0.0023
1932-02-01,0.0546,-0.0278,-0.0146,0.0159,0.0023
1932-03-01,-0.1121,0.0227,-0.0232,0.0992,0.0016
1932-04-01,-0.1796,0.014499999999999999,0.0143,0.0697,0.0011
1932-05-01,-0.2051,0.0391,-0.0298,0.12279999999999999,6e-4
1932-06-01,-0.006999999999999999,0.0033,0.053,0.018799999999999997,2e-4
1932-07-01,0.33840000000000003,-0.045899999999999996,0.35609999999999997,-0.45020000000000004,3e-4
1932-08-01,0.37060000000000004,0.1341,0.34240000000000004,-0.5205,3e-4
1932-09-01,-0.0294,-0.0208,-0.0736,0.0236,3e-4
1932-10-01,-0.1317,-0.0256,-0.1033,0.0495,2e-4
1932-11-01,-0.0588,0.02,-0.1311,-0.0183,2e-4
1932-12-01,0.044000000000000004,-0.0864,-0.07719999999999999,0.0548,1e-4
1933-01-01,0.0125,0.0063,0.0636,-0.016,1e-4
1933-02-01,-0.1524,-0.0258,-0.029500000000000002,0.0426,-3e-4
1933-03-01,0.0329,0.0379,0.0754,0.0259,4e-4
1933-04-01,0.3885,0.030699999999999998,0.19649999999999998,-0.16510000000000002,0.001
1933-05-01,0.2143,0.36560000000000004,0.19190000000000002,-0.0431,4e-4
1933-06-01,0.1311,0.0842,-0.0178,0.04,2e-4
1933-07-01,-0.09630000000000001,-0.0105,0.0327,0.001,2e-4
1933-08-01,0.12050000000000001,-0.053899999999999997,0.03,0.0759,3e-4
1933-09-01,-0.1065,-0.004,-0.1174,0.0158,2e-4
1933-10-01,-0.0836,-0.002,-0.0857,-0.022099999999999998,1e-4
1933-11-01,0.09970000000000001,-0.0647,0.0232,0.061,2e-4
1933-12-01,0.0183,0.0063,-0.015600000000000001,0.0418,2e-4
1934-01-01,0.126,0.12689999999999999,0.1559,-0.0297,5e-4
1934-02-01,-0.025,0.051,0.02,-0.0029,2e-4
1934-03-01,9e-4,0.025099999999999997,-0.027000000000000003,-0.0067,2e-4
1934-04-01,-0.0179,0.0273,-0.0373,-0.0471,1e-4
1934-05-01,-0.0725,-0.0029,-0.058899999999999994,-0.0256,1e-4
1934-06-01,0.0264,-0.0223,-0.0296,-0.0096,1e-4
1934-07-01,-0.1096,-0.0695,-0.107,0.08710000000000001,1e-4
1934-08-01,0.0558,0.0537,9e-4,0.0248,1e-4
1934-09-01,-0.0023,-0.0152,-0.012,6e-4,1e-4
1934-10-01,-0.0166,0.0124,-0.0508,0.069,1e-4
1934-11-01,0.0833,0.06480000000000001,-0.0215,0.0383,1e-4
1934-12-01,0.0036,0.030600000000000002,-0.031400000000000004,0.0473,1e-4
1935-01-01,-0.0345,0.010700000000000001,-0.019,0.037200000000000004,1e-4
1935-02-01,-0.0194,0.0037,-0.07440000000000001,0.1392,2e-4
1935-03-01,-0.0368,-0.0359,-0.0512,0.024900000000000002,1e-4
1935-04-01,0.0906,-0.0147,0.0447,-0.0464,1e-4
1935-05-01,0.0347,-0.0334,0.0265,-0.0362,1e-4
1935-06-01,0.0593,-0.025699999999999997,-0.0169,0.0235,1e-4
1935-07-01,0.0751,0.018799999999999997,0.0693,-0.0406,1e-4
1935-08-01,0.0265,0.062,0.0608,-0.0717,1e-4
1935-09-01,0.0263,0.015300000000000001,-0.0407,0.0895,1e-4
1935-10-01,0.0703,0.027200000000000002,-0.023700000000000002,0.0187,1e-4
1935-11-01,0.048799999999999996,0.0454,0.1206,-0.06269999999999999,2e-4
1935-12-01,0.045599999999999995,0.0017000000000000001,0.0095,0.0378,1e-4
1936-01-01,0.0689,0.052300000000000006,0.10339999999999999,-0.0333,1e-4
1936-02-01,0.024900000000000002,0.0095,0.0451,0.0245,1e-4
1936-03-01,0.009899999999999999,0.0069,-0.0144,0.0182,2e-4
1936-04-01,-0.0814,-0.060599999999999994,-0.0215,-0.0765,2e-4
1936-05-01,0.0519,0.0091,0.026099999999999998,0.024700000000000003,2e-4
1936-06-01,0.024,-0.032,-0.012,0.0038,3e-4
1936-07-01,0.0667,0.01,0.024,0.0285,1e-4
1936-08-01,0.009899999999999999,0.006,0.0382,0.006500000000000001,2e-4
1936-09-01,0.0098,0.0308,0.009000000000000001,0.0124,1e-4
1936-10-01,0.0712,-0.024300000000000002,0.024700000000000003,0.01,2e-4
1936-11-01,0.0327,0.0877,-0.0121,0.0197,1e-4
1936-12-01,0.0021,0.039599999999999996,0.043,0.020099999999999996,0
1937-01-01,0.0335,0.0434,0.026099999999999998,-0.019,1e-4
1937-02-01,0.0109,0.0105,0.0483,0.0317,2e-4
1937-03-01,-0.0027,-0.0169,0.065,0.027000000000000003,1e-4
1937-04-01,-0.0736,-0.0383,-0.0366,-0.0371,3e-4
1937-05-01,-0.0083,-0.0068000000000000005,-0.0348,0.0058,6e-4
1937-06-01,-0.0421,-0.037599999999999995,-0.0333,0.0074,3e-4
1937-07-01,0.0891,0.0089,0.008100000000000001,-0.0055000000000000005,3e-4
1937-08-01,-0.048600000000000004,0.0044,-0.0225,-0.018500000000000003,2e-4
1937-09-01,-0.1361,-0.0698,-0.045700000000000005,-0.0701,4e-4
1937-10-01,-0.09609999999999999,0.0040999999999999995,-0.0155,-0.016,2e-4
1937-11-01,-0.08310000000000001,-0.036000000000000004,0.0015,-0.0123,2e-4
1937-12-01,-0.0424,-0.0774,-0.004,0.0467,0
1938-01-01,0.0049,0.0484,-0.0161,-0.0161,0
1938-02-01,0.0584,0.004,-0.0202,-0.0291,0
1938-03-01,-0.2382,-0.0434,-0.0354,0.1555,-1e-4
1938-04-01,0.1451,0.0646,0.0023,-0.0849,1e-4
1938-05-01,-0.0383,-0.025099999999999997,-0.0027,0.0701,0
1938-06-01,0.23870000000000002,0.043,0.0032,-0.24789999999999998,0
1938-07-01,0.07339999999999999,0.0664,0.022000000000000002,-0.0702,-1e-4
1938-08-01,-0.026699999999999998,-0.0245,-0.0472,0.0364,0
1938-09-01,0.008100000000000001,-0.0273,-0.016200000000000003,0.0258,2e-4
1938-10-01,0.078,0.0581,0.050300000000000004,-0.07769999999999999,1e-4
1938-11-01,-0.0172,-0.025699999999999997,-0.012199999999999999,0.030699999999999998,-6e-4
1938-12-01,0.04190000000000001,-0.0182,0.0053,0.0218,0
1939-01-01,-0.0596,-0.0155,-0.0394,-0.0304,-1e-4
1939-02-01,0.0351,0.0063,0.029500000000000002,0.0327,1e-4
1939-03-01,-0.1199,-0.0475,-0.08310000000000001,-0.0155,-1e-4
1939-04-01,-0.0018,0.0167,-0.003,0.0256,0
1939-05-01,0.068,0.027999999999999997,0.0049,0.0354,1e-4
1939-06-01,-0.053099999999999994,-0.0101,-0.0542,0.020499999999999997,1e-4
1939-07-01,0.1024,0.0432,-3e-4,-0.0055000000000000005,0
1939-08-01,-0.0668,-0.0461,-0.0242,0.059500000000000004,-1e-4
1939-09-01,0.16879999999999998,0.2024,0.22219999999999998,-0.3103,1e-4
1939-10-01,-0.0053,-1e-4,-0.0489,0.06559999999999999,0
1939-11-01,-0.0362,-0.0507,-0.0646,-0.0029,0
1939-12-01,0.030299999999999997,0.0079,-0.0406,0.0538,0
1940-01-01,-0.0241,0.0021,-0.008100000000000001,0.0175,0
1940-02-01,0.0144,0.025099999999999997,-0.0033,0.0179,0
1940-03-01,0.020499999999999997,0.0125,-0.0127,-0.0036,0
1940-04-01,0.0022,0.0392,-0.0013,0.032400000000000005,0
1940-05-01,-0.2195,-0.0666,-0.0369,0.029500000000000002,-2e-4
1940-06-01,0.0667,-0.0213,0.0462,-0.021400000000000002,0
1940-07-01,0.0316,0.0101,-0.0074,0.008,1e-4
1940-08-01,0.0219,-0.0011,0.005600000000000001,-0.015700000000000002,-1e-4
1940-09-01,0.0239,0.0322,-0.0113,-0.0028000000000000004,0
1940-10-01,0.0302,0.0028000000000000004,0.0464,-0.06509999999999999,0
1940-11-01,-0.0161,0.0194,0.0012,0.0128,0
1940-12-01,0.0069,-0.0215,-0.0089,0.0348,0
1941-01-01,-0.0417,0.01,0.0383,-0.0443,-1e-4
1941-02-01,-0.0143,-0.015600000000000001,0.0089,0.0097,-1e-4
1941-03-01,0.0084,0.001,0.0304,0.024399999999999998,1e-4
1941-04-01,-0.0546,-0.0168,0.0341,0.0301,-1e-4
1941-05-01,0.0139,-0.006500000000000001,0.006,0.0252,0
1941-06-01,0.0583,0.0132,0.0059,-0.0095,0
1941-07-01,0.0587,0.0571,0.0725,-0.0163,3e-4
1941-08-01,-0.0017000000000000001,-0.0042,-0.011000000000000001,0.0012,1e-4
1941-09-01,-0.0087,-0.009899999999999999,-0.0028000000000000004,-0.0165,1e-4
1941-10-01,-0.0525,-0.0202,0.0163,0.0475,0
1941-11-01,-0.0192,-0.0121,-0.0064,0.0405,0
1941-12-01,-0.0487,-0.029900000000000003,-0.0594,0.0025,1e-4
1942-01-01,0.0079,0.0753,0.10099999999999999,-0.035699999999999996,2e-4
1942-02-01,-0.0246,0.0172,-0.0113,-0.0075,1e-4
1942-03-01,-0.0658,0.0177,-0.0062,-0.0033,1e-4
1942-04-01,-0.0437,-0.006,0.0209,-0.0070999999999999995,1e-4
1942-05-01,0.0594,-0.0305,-0.0265,-0.0471,3e-4
1942-06-01,0.0269,-0.012199999999999999,0.0054,-0.0132,2e-4
1942-07-01,0.0351,-0.0015,0.024,0.0075,3e-4
1942-08-01,0.018000000000000002,-9e-4,0.013500000000000002,-0.0018,3e-4
1942-09-01,0.026099999999999998,0.0063,0.0235,-0.0064,3e-4
1942-10-01,0.0682,0.0175,0.0639,-0.0407,3e-4
1942-11-01,0.0015,-0.015,-0.0421,-0.0088,3e-4
1942-12-01,0.0512,-0.025099999999999997,0.0058,0.0326,3e-4
1943-01-01,0.0713,0.08800000000000001,0.0818,-0.0036,3e-4
1943-02-01,0.061500000000000006,0.0475,0.064,-0.0155,3e-4
1943-03-01,0.0601,0.0499,0.0548,0.048499999999999995,3e-4
1943-04-01,0.008100000000000001,0.020499999999999997,0.0582,0.0617,3e-4
1943-05-01,0.0574,0.0435,0.0325,0.0564,3e-4
1943-06-01,0.0182,-0.0102,-0.006999999999999999,-0.0129,3e-4
1943-07-01,-0.04769999999999999,-0.0239,-0.0229,-0.045700000000000005,3e-4
1943-08-01,0.013000000000000001,-0.006,-0.0043,0.0088,3e-4
1943-09-01,0.024,0.0129,0.0143,0.018000000000000002,3e-4
1943-10-01,-0.0115,0.0058,0.016399999999999998,-0.005699999999999999,3e-4
1943-11-01,-0.0591,-0.0165,-0.04019999999999999,-0.046,3e-4
1943-12-01,0.0636,0.0334,0.032400000000000005,0.0603,3e-4
1944-01-01,0.0174,0.0255,0.0216,0.0098,3e-4
1944-02-01,0.0037,-0.001,0.0084,0.0033,3e-4
1944-03-01,0.0246,0.0173,0.034300000000000004,0.025099999999999997,2e-4
1944-04-01,-0.0169,-0.0137,-0.011399999999999999,0.0055000000000000005,3e-4
1944-05-01,0.0507,0.0168,0.0104,0.019799999999999998,3e-4
1944-06-01,0.054900000000000004,0.0401,0.0175,-0.0513,3e-4
1944-07-01,-0.0149,0.0058,-0.0042,0.0013,3e-4
1944-08-01,0.015700000000000002,0.0233,-0.0149,0.0466,3e-4
1944-09-01,1e-4,0.0049,-0.0116,-0.0106,2e-4
1944-10-01,0.0016,-0.0015,-0.0033,-0.0134,3e-4
1944-11-01,0.0171,0.0036,0.023799999999999998,0.0134,3e-4
1944-12-01,0.0403,0.0225,0.0591,0.0336,2e-4
1945-01-01,0.020099999999999996,0.0246,0.0067,2e-4,3e-4
1945-02-01,0.0623,0.0155,0.0434,0.031,2e-4
1945-03-01,-0.038900000000000004,-0.016,-0.0174,-0.0326,2e-4
1945-04-01,0.078,0.0032,0.032400000000000005,0.0482,3e-4
1945-05-01,0.0173,0.0152,0.0036,0.0011,3e-4
1945-06-01,0.0039000000000000003,0.031200000000000002,0.0421,0.0414,2e-4
1945-07-01,-0.0217,-0.0152,-0.0262,-0.027000000000000003,3e-4
1945-08-01,0.062,0.015,-0.042699999999999995,-0.0131,3e-4
1945-09-01,0.04769999999999999,0.017,0.0042,0.0125,3e-4
1945-10-01,0.038900000000000004,0.023799999999999998,0.0213,0.0012,3e-4
1945-11-01,0.053899999999999997,0.0431,0.039599999999999996,0.041100000000000005,2e-4
1945-12-01,0.012,0.021,-0.022799999999999997,0.0125,3e-4
1946-01-01,0.062400000000000004,0.0391,0.0248,0.0378,3e-4
1946-02-01,-0.0583,-0.0070999999999999995,-0.0146,-0.0144,3e-4
1946-03-01,0.0587,0.0029,-0.0054,0.0268,3e-4
1946-04-01,0.042300000000000004,0.0235,0.0032,0.0298,3e-4
1946-05-01,0.0393,0.0146,0.0128,-0.0046,3e-4
1946-06-01,-0.038900000000000004,-0.0158,-0.0039000000000000003,-0.025,3e-4
1946-07-01,-0.0269,-0.0207,7.000000000000001e-4,-2e-4,3e-4
1946-08-01,-0.0644,-0.0184,0.0055000000000000005,-4e-4,3e-4
1946-09-01,-0.1017,-0.044000000000000004,-0.0192,0.0074,3e-4
1946-10-01,-0.0144,0.001,0.0346,0.0103,3e-4
1946-11-01,-1e-4,-0.0044,0.0147,0.0019,3e-4
1946-12-01,0.0496,8e-4,-0.013600000000000001,-8e-4,3e-4
1947-01-01,0.0125,0.022000000000000002,-0.0073,-0.0636,3e-4
1947-02-01,-0.0108,0.0068000000000000005,0.0015,-0.0052,3e-4
1947-03-01,-0.0167,-0.016200000000000003,0.0060999999999999995,0.041299999999999996,3e-4
1947-04-01,-0.048,-0.039599999999999996,0.0085,0.0499,3e-4
1947-05-01,-0.0097,-0.0326,0.0033,0.0334,3e-4
1947-06-01,0.0529,-0.003,-0.0059,-0.0167,3e-4
1947-07-01,0.0414,0.0143,0.0282,-0.034300000000000004,3e-4
1947-08-01,-0.0174,0.0032,0.0018,0.0333,3e-4
1947-09-01,-0.0054,0.016399999999999998,0.013600000000000001,1e-4,6e-4
1947-10-01,0.024700000000000003,0.0051,7.000000000000001e-4,0.015700000000000002,6e-4
1947-11-01,-0.0197,-0.0171,0.011000000000000001,0.042699999999999995,6e-4
1947-12-01,0.03,-0.0246,0.0371,0.0362,8e-4
1948-01-01,-0.0393,0.025,0.0139,-0.043,7.000000000000001e-4
1948-02-01,-0.0438,-0.0172,7.000000000000001e-4,0.0144,7.000000000000001e-4
1948-03-01,0.08070000000000001,0.0014000000000000002,0.045,-0.0031,9e-4
1948-04-01,0.0365,-0.0165,0.041100000000000005,0.0409,8e-4
1948-05-01,0.073,0.0091,-0.0127,0.023,8e-4
1948-06-01,-0.001,-0.0182,0.0281,0.0408,9e-4
1948-07-01,-0.0509,-0.0033,0.0014000000000000002,-0.0161,8e-4
1948-08-01,0.0025,-0.0111,0.0028000000000000004,0.0023,9e-4
1948-09-01,-0.0297,-0.0123,-0.0171,-0.0131,4e-4
1948-10-01,0.0596,-0.015,0.0058,0.027999999999999997,4e-4
1948-11-01,-0.09300000000000001,-0.006,-0.041299999999999996,0.0054,4e-4
1948-12-01,0.0326,-0.0282,-0.0194,0.0463,4e-4
1949-01-01,0.0023,0.0177,0.0123,-0.028999999999999998,0.001
1949-02-01,-0.029300000000000003,-0.019,-0.0086,-0.0040999999999999995,9e-4
1949-03-01,0.0404,0.025,0.0129,-0.009399999999999999,0.001
1949-04-01,-0.0187,-0.0089,-0.0113,0.031,9e-4
1949-05-01,-0.0294,-0.0079,-0.023700000000000002,0.0298,0.001
1949-06-01,0.001,-0.0091,-0.0165,-0.0106,0.001
1949-07-01,0.0554,0.0055000000000000005,0.0037,-0.0149,9e-4
1949-08-01,0.026000000000000002,0.002,-0.0055000000000000005,0.0172,9e-4
1949-09-01,0.030899999999999997,0.01,0.0019,-0.0141,9e-4
1949-10-01,0.031400000000000004,0.0104,-0.0048,6e-4,9e-4
1949-11-01,0.0182,-0.0102,-0.0096,0.012199999999999999,8e-4
1949-12-01,0.0513,0.0206,0.0177,-0.0078000000000000005,9e-4
1950-01-01,0.017,0.0333,0.0012,-0.023399999999999997,9e-4
1950-02-01,0.0148,3e-4,-0.0079,0.0139,9e-4
1950-03-01,0.0126,-0.0144,-0.0281,0.0147,0.001
1950-04-01,0.0394,0.0194,0.013000000000000001,0.0040999999999999995,9e-4
1950-05-01,0.0431,-0.021,0.0046,0.0037,0.001
1950-06-01,-0.0594,-0.023399999999999997,-0.006999999999999999,-0.0158,0.001
1950-07-01,0.013600000000000001,0.0069,0.1356,-0.004699999999999999,0.001
1950-08-01,0.048499999999999995,0.0076,-0.015,0.0319,0.001
1950-09-01,0.0481,0.0049,-0.010700000000000001,-0.0017000000000000001,0.001
1950-10-01,-0.0018,-0.004699999999999999,0.013000000000000001,0.015300000000000001,0.0012
1950-11-01,0.0276,-0.0089,0.0333,0.0363,0.0011
1950-12-01,0.0554,0.0147,0.0736,0.0499,0.0011
1951-01-01,0.057,0.0176,0.0364,0.02,0.0013
1951-02-01,0.0141,8e-4,-0.0285,-0.0155,0.001
1951-03-01,-0.0215,-0.0077,-0.040999999999999995,-0.0297,0.0011
1951-04-01,0.048600000000000004,-0.014499999999999999,0.0327,0.0601,0.0013
1951-05-01,-0.023399999999999997,0,-0.0137,-0.009300000000000001,0.0012
1951-06-01,-0.0262,-0.0206,-0.0375,-0.023799999999999998,0.0012
1951-07-01,0.0694,-0.0199,0.0206,0.0727,0.0013
1951-08-01,0.042699999999999995,0.009899999999999999,-0.0013,0.01,0.0013
1951-09-01,0.006999999999999999,0.0187,0.0063,0.0049,0.0012
1951-10-01,-0.0253,-0.0022,0.0023,-0.002,0.0016
1951-11-01,0.005699999999999999,-0.0032,-6e-4,0.005699999999999999,0.0011
1951-12-01,0.0333,-0.0226,-0.0159,0.0168,0.0012
1952-01-01,0.014499999999999999,-0.0060999999999999995,0.0155,0.013500000000000002,0.0015
1952-02-01,-0.0262,0.008199999999999999,-0.0060999999999999995,-0.0068000000000000005,0.0012
1952-03-01,0.0444,-0.029900000000000003,0.0217,0.0159,0.0011
1952-04-01,-0.049699999999999994,0.0046,-0.001,-0.0206,0.0012
1952-05-01,0.032,-0.01,4e-4,0.0051,0.0013
1952-06-01,0.0383,-0.016399999999999998,0.0124,0.0148,0.0015
1952-07-01,0.0091,-0.004,-0.0034999999999999996,-0.005699999999999999,0.0015
1952-08-01,-0.0076,0.0115,1e-4,0.0034000000000000002,0.0015
1952-09-01,-0.0203,0.0111,-0.0152,0.017,0.0016
1952-10-01,-0.0066,-0.0105,-0.0046,0.0282,0.0014000000000000002
1952-11-01,0.0594,-0.0072,0.0097,0.0048,0.001
1952-12-01,0.029300000000000003,-0.0148,0.0019,0.0159,0.0016
1953-01-01,-0.0034000000000000002,0.0361,0.0132,0.0070999999999999995,0.0016
1953-02-01,-0.0027,0.0215,-9e-4,0.0088,0.0014000000000000002
1953-03-01,-0.0143,-0.0022,-0.0085,7.000000000000001e-4,0.0018
1953-04-01,-0.028300000000000002,0.003,0.015700000000000002,0.0191,0.0016
1953-05-01,0.0052,-7.000000000000001e-4,0.0023,0.009399999999999999,0.0017000000000000001
1953-06-01,-0.0189,-0.0187,-0.004699999999999999,0,0.0018
1953-07-01,0.024,-0.01,-0.0022,-0.0025,0.0015
1953-08-01,-0.0452,0.0029,-0.0353,0.0212,0.0017000000000000001
1953-09-01,0.002,-0.0084,-0.024399999999999998,0.0285,0.0016
1953-10-01,0.046,-0.013500000000000002,-0.0025,0.0021,0.0013
1953-11-01,0.028300000000000002,-0.013000000000000001,-0.0015,0.019,8e-4
1953-12-01,3e-4,-0.0085,-0.028399999999999998,0.0521,0.0013
1954-01-01,0.0513,0.0048,0.0344,-0.0583,0.0011
1954-02-01,0.0167,-0.0019,-0.0029,0.0104,7.000000000000001e-4
1954-03-01,0.0365,-0.0054,-0.015,0.0204,8e-4
1954-04-01,0.042699999999999995,-0.0344,-0.0034000000000000002,0.049699999999999994,9e-4
1954-05-01,0.030899999999999997,0.0040999999999999995,0.0245,-0.019,5e-4
1954-06-01,0.010700000000000001,0.0038,1e-4,0.0351,6e-4
1954-07-01,0.0499,0.0106,0.041299999999999996,0.0048,5e-4
1954-08-01,-0.023399999999999997,0.0269,-0.0138,-0.0066,5e-4
1954-09-01,0.0639,-0.0253,0.0068000000000000005,0.015600000000000001,9e-4
1954-10-01,-0.0167,0.0062,0.0067,0.0095,7.000000000000001e-4
1954-11-01,0.09380000000000001,-0.0262,0.044000000000000004,0.019,6e-4
1954-12-01,0.0548,0.0212,0.056600000000000004,-0.013300000000000001,8e-4
1955-01-01,0.006,0.0036,0.021400000000000002,0.013600000000000001,8e-4
1955-02-01,0.0302,0.0159,0.0058,0.0109,9e-4
1955-03-01,-0.0016,-0.0074,0.0197,0.0104,0.001
1955-04-01,0.0311,-0.016200000000000003,0.0068000000000000005,7.000000000000001e-4,0.001
1955-05-01,0.009300000000000001,-0.0028000000000000004,-0.0096,0.0051,0.0014000000000000002
1955-06-01,0.0655,-0.04650000000000001,0.0184,0.0462,0.001
1955-07-01,0.019,-0.011699999999999999,0.0034999999999999996,-0.0121,0.001
1955-08-01,0.0021,-0.0044,0.0072,0.0179,0.0016
1955-09-01,-0.0036,0.0034999999999999996,-0.009899999999999999,0.0182,0.0016
1955-10-01,-0.0268,0.0148,-0.0015,-0.006,0.0018
1955-11-01,0.0703,-0.0222,0.0033,0.027000000000000003,0.0017000000000000001
1955-12-01,0.0149,0.0216,-0.023,-0.013500000000000002,0.0018
1956-01-01,-0.030299999999999997,0.0037,0.0095,-0.013999999999999999,0.0022
1956-02-01,0.0377,-0.0098,-0.0043,0.0196,0.0019
1956-03-01,0.0664,-0.0209,-0.0046,0.036000000000000004,0.0015
1956-04-01,0.0028000000000000004,1e-4,-0.0024,0.0258,0.0019
1956-05-01,-0.052000000000000005,0.014499999999999999,-0.0131,-0.0161,0.0023
1956-06-01,0.0348,-0.0148,-0.0113,0.0273,0.002
1956-07-01,0.0484,-0.0166,-4e-4,0.025,0.0022
1956-08-01,-0.0318,0.0189,-0.0074,-0.0069,0.0017000000000000001
1956-09-01,-0.051399999999999994,0.015700000000000002,0.0176,-0.0075,0.0018
1956-10-01,0.0052,-0.001,-6e-4,0.024300000000000002,0.0025
1956-11-01,0.0036,-0.0021,0.0178,0.0341,0.002
1956-12-01,0.0316,-1e-4,-0.0215,0.0382,0.0024
1957-01-01,-0.0358,0.0337,0.0281,-0.030899999999999997,0.0027
1957-02-01,-0.0206,-0.0072,-0.0072,0.0032,0.0024
1957-03-01,0.0213,0.0026,-0.0048,-0.0018,0.0023
1957-04-01,0.0426,-0.0159,-0.014499999999999999,0.01,0.0025
1957-05-01,0.0345,-0.0105,-0.021,0.0048,0.0026
1957-06-01,-0.0074,0.0054,1e-4,0.0079,0.0024
1957-07-01,0.0066,-0.0076,0.0043,-7.000000000000001e-4,0.003
1957-08-01,-0.051100000000000007,5e-4,-0.0040999999999999995,0.004699999999999999,0.0025
1957-09-01,-0.059800000000000006,8e-4,0.0092,0.0053,0.0026
1957-10-01,-0.0432,-0.0252,-0.018000000000000002,0.0195,0.0029
1957-11-01,0.023,0.004,-0.0287,0.0127,0.0028000000000000004
1957-12-01,-0.0391,-0.0098,-0.016200000000000003,0.0782,0.0024
1958-01-01,0.0466,0.043899999999999995,0.04190000000000001,-0.0762,0.0028000000000000004
1958-02-01,-0.0152,0.006500000000000001,0.0033,0.0373,0.0012
1958-03-01,0.0327,0.006500000000000001,-0.0097,-0.018799999999999997,9e-4
1958-04-01,0.030899999999999997,-0.0062,0.0161,0.0184,8e-4
1958-05-01,0.0231,0.0216,-0.0026,-0.018000000000000002,0.0011
1958-06-01,0.029300000000000003,-0.0019,0.004,-0.0088,3e-4
1958-07-01,0.043899999999999995,0.004699999999999999,0.030600000000000002,-0.037000000000000005,7.000000000000001e-4
1958-08-01,0.0191,0.0118,0.0036,0.0021,4e-4
1958-09-01,0.0466,0.0012,0.0285,-0.011000000000000001,0.0019
1958-10-01,0.0253,0.0109,-0.0118,0.0315,0.0018
1958-11-01,0.0301,0.0197,-0.0118,0.0158,0.0011
1958-12-01,0.051500000000000004,-0.0203,3e-4,-0.0063,0.0022
1959-01-01,0.0070999999999999995,0.0302,0.0291,-0.0026,0.0021
1959-02-01,0.0095,0.0146,0.0116,0.0345,0.0019
1959-03-01,0.0028000000000000004,0.0149,-0.0034000000000000002,0.0016,0.0022
1959-04-01,0.0366,-0.006,-0.0123,0.0317,0.002
1959-05-01,0.0173,-0.0216,0.0179,0.0149,0.0022
1959-06-01,-0.0025,0.0067,0.0131,0.028999999999999998,0.0025
1959-07-01,0.0317,-0.003,0.0023,-0.003,0.0025
1959-08-01,-0.0139,-0.0076,0.0044,-0.01,0.0019
1959-09-01,-0.048,-9e-4,0.0055000000000000005,0.009300000000000001,0.0031
1959-10-01,0.0128,0.0144,-0.021,0.0371,0.003
1959-11-01,0.016,0.0123,-0.0321,0.0223,0.0026
1959-12-01,0.0245,-0.0058,-7.000000000000001e-4,0.0103,0.0034000000000000002
1960-01-01,-0.0698,0.0209,0.0278,-0.0354,0.0033
1960-02-01,0.011699999999999999,0.0051,-0.019299999999999998,0.0392,0.0029
1960-03-01,-0.0163,-0.0049,-0.0294,0.0138,0.0034999999999999996
1960-04-01,-0.0171,0.0032,-0.022799999999999997,0.028399999999999998,0.0019
1960-05-01,0.031200000000000002,0.0121,-0.037000000000000005,0.0479,0.0027
1960-06-01,0.0208,-0.0021,-0.0034000000000000002,0.0086,0.0024
1960-07-01,-0.023700000000000002,-0.0051,0.019799999999999998,-0.008100000000000001,0.0013
1960-08-01,0.0301,0.0087,-0.0018,0.0191,0.0017000000000000001
1960-09-01,-0.0599,-0.0111,0.016200000000000003,0.0032,0.0016
1960-10-01,-0.0070999999999999995,-0.0408,0.028300000000000002,0.0125,0.0022
1960-11-01,0.046900000000000004,0.004,-0.024300000000000002,0.0378,0.0013
1960-12-01,0.0471,-0.0155,-0.008100000000000001,0.0141,0.0016
1961-01-01,0.062,0.0064,0.037200000000000004,-0.04,0.0019
1961-02-01,0.035699999999999996,0.0393,-0.0066,0.0098,0.0014000000000000002
1961-03-01,0.028900000000000002,0.033,-0.0073,0.0454,0.002
1961-04-01,0.0029,7.000000000000001e-4,0.0212,0.036000000000000004,0.0017000000000000001
1961-05-01,0.024,0.020099999999999996,0.0037,-0.015700000000000002,0.0018
1961-06-01,-0.0308,-0.024900000000000002,-0.0014000000000000002,0.0033,0.002
1961-07-01,0.028300000000000002,-0.019,-9e-4,0.0027,0.0018
1961-08-01,0.025699999999999997,-0.0175,-0.0028000000000000004,0.0159,0.0014000000000000002
1961-09-01,-0.0215,-0.010700000000000001,-0.0060999999999999995,0.008199999999999999,0.0017000000000000001
1961-10-01,0.025699999999999997,-0.0165,0.0015,0.0311,0.0019
1961-11-01,0.044500000000000005,0.0126,-0.0123,0.013500000000000002,0.0015
1961-12-01,-0.0018,-0.0085,0.0179,-0.022099999999999998,0.0019
1962-01-01,-0.0387,0.0177,0.0513,-0.0203,0.0024
1962-02-01,0.0181,-0.0115,0.008199999999999999,-0.0101,0.002
1962-03-01,-0.0068000000000000005,0.0052,-0.0138,0.0184,0.002
1962-04-01,-0.0659,-0.006999999999999999,3e-4,0.0291,0.0022
1962-05-01,-0.08650000000000001,-0.0334,0.0277,0.0040999999999999995,0.0024
1962-06-01,-0.08470000000000001,-0.0059,0.0255,0.0646,0.002
1962-07-01,0.06280000000000001,0.0152,-0.0341,0.0052,0.0027
1962-08-01,0.0213,0.012199999999999999,-0.012,-0.006,0.0023
1962-09-01,-0.052199999999999996,-0.0242,0.0128,0.0395,0.0021
1962-10-01,-5e-4,-0.0397,0.013000000000000001,0.0076,0.0025
1962-11-01,0.10869999999999999,0.026099999999999998,0.0095,-0.0716,0.002
1962-12-01,0.0101,-0.038,0.0036,0.058899999999999994,0.0023
1963-01-01,0.0493,0.0308,0.022099999999999998,-0.021099999999999997,0.0025
1963-02-01,-0.023799999999999998,0.0048,0.0218,0.0253,0.0023
1963-03-01,0.0308,-0.0259,0.0206,0.016200000000000003,0.0023
1963-04-01,0.0451,-0.0134,0.01,-9e-4,0.0025
1963-05-01,0.0176,0.0113,0.0254,0.0033,0.0024
1963-06-01,-0.02,-0.0027,0.0075,0.0121,0.0023
1963-07-01,-0.0039000000000000003,-0.0045000000000000005,-0.0097,0.009000000000000001,0.0027
1963-08-01,0.0507,-0.0098,0.018000000000000002,0.0101,0.0025
1963-09-01,-0.015700000000000002,-0.0033,0.0013,0.0019,0.0027
1963-10-01,0.0253,-0.0058,-0.001,0.031200000000000002,0.0029
1963-11-01,-0.0085,-0.011699999999999999,0.0175,-0.0074,0.0027
1963-12-01,0.0183,-0.0216,-2e-4,0.0175,0.0029
1964-01-01,0.022400000000000003,-0.0011,0.0148,0.0086,0.003
1964-02-01,0.0154,0.0011,0.0281,0.0026,0.0026
1964-03-01,0.0141,0.0087,0.034,0.0075,0.0031
1964-04-01,0.001,-0.013500000000000002,-0.0067,-0.0058,0.0029
1964-05-01,0.014199999999999999,-0.0086,0.018600000000000002,0.025699999999999997,0.0026
1964-06-01,0.0127,-0.0012,0.0062,0.0046,0.003
1964-07-01,0.0174,0.0024,0.0075,-0.0034999999999999996,0.003
1964-08-01,-0.0144,0.0016,8e-4,-0.0022,0.0028000000000000004
1964-09-01,0.0269,-0.0054,0.017,-0.0040999999999999995,0.0028000000000000004
1964-10-01,0.0059,0.0042,0.011699999999999999,8e-4,0.0029
1964-11-01,0,0.0069,-0.0196,0.0103,0.0029
1964-12-01,3e-4,-0.0034999999999999996,-0.0248,-0.0074,0.0031
1965-01-01,0.0354,0.027000000000000003,0.0012,-0.0144,0.0028000000000000004
1965-02-01,0.0044,0.0355,0.0011,0.0032,0.003
1965-03-01,-0.0134,0.0189,0.0103,0.0015,0.0036
1965-04-01,0.0311,0.011000000000000001,0.0066,0.0263,0.0031
1965-05-01,-0.0077,0.0011,-0.0161,0.006,0.0031
1965-06-01,-0.055099999999999996,-0.0434,0.0059,-0.0313,0.0034999999999999996
1965-07-01,0.0143,0.0089,0.022000000000000002,0.040999999999999995,0.0031
1965-08-01,0.0273,0.028399999999999998,-0.01,0.0258,0.0033
1965-09-01,0.0286,0.0064,-0.0013,0.033,0.0031
1965-10-01,0.026000000000000002,0.0252,0.015600000000000001,0.0346,0.0031
1965-11-01,-3e-4,0.046799999999999994,0.0015,0.044500000000000005,0.0034999999999999996
1965-12-01,0.0101,0.0206,0.0203,0.0012,0.0033
1966-01-01,0.0072,0.0384,0.0356,0.053899999999999997,0.0038
1966-02-01,-0.0121,0.044000000000000004,0.0033,0.045700000000000005,0.0034999999999999996
1966-03-01,-0.025099999999999997,0.009899999999999999,-0.019799999999999998,0.014199999999999999,0.0038
1966-04-01,0.021400000000000002,0.034300000000000004,-0.0046,0.06280000000000001,0.0034000000000000002
1966-05-01,-0.056600000000000004,-0.046,-0.0163,-0.047,0.0040999999999999995
1966-06-01,-0.0144,0.0103,0.005,0.0325,0.0038
1966-07-01,-0.0163,-0.0036,0.0095,-0.0134,0.0034999999999999996
1966-08-01,-0.0791,-0.0327,0.0043,-0.021400000000000002,0.0040999999999999995
1966-09-01,-0.0106,-0.0104,0.005600000000000001,-0.0184,0.004
1966-10-01,0.038599999999999995,-0.0652,0.0269,-0.0526,0.0045000000000000005
1966-11-01,0.013999999999999999,0.0424,-0.046900000000000004,0.0572,0.004
1966-12-01,0.0013,0.0197,-0.011899999999999999,0.0106,0.004
1967-01-01,0.0815,0.0832,0.0227,-0.0693,0.0043
1967-02-01,0.0078000000000000005,0.0335,-0.0222,0.0352,0.0036
1967-03-01,0.039900000000000005,0.0155,0.0037,0.015300000000000001,0.0039000000000000003
1967-04-01,0.038900000000000004,0.0063,-0.0248,0.0059,0.0032
1967-05-01,-0.0433,0.019,0.0109,0.0072,0.0033
1967-06-01,0.0241,0.0593,0.0085,0.06,0.0027
1967-07-01,0.0458,0.031200000000000002,0.0273,-0.010700000000000001,0.0031
1967-08-01,-0.0089,0.0042,0.0144,-0.0138,0.0031
1967-09-01,0.0311,0.030600000000000002,-0.025,0.0252,0.0032
1967-10-01,-0.030899999999999997,0.0146,-0.033,0.036699999999999997,0.0039000000000000003
1967-11-01,0.0037,0.0021,-0.017,0.0126,0.0036
1967-12-01,0.0305,0.057300000000000004,-0.0053,0.0325,0.0033
1968-01-01,-0.0406,0.0392,0.048,-0.047,0.004
1968-02-01,-0.0375,-0.0294,0.0128,-0.034300000000000004,0.0039000000000000003
1968-03-01,0.002,-0.0134,-0.0059,0.0323,0.0038
1968-04-01,0.09050000000000001,0.056799999999999996,-0.0113,0.0509,0.0043
1968-05-01,0.022799999999999997,0.064,0.0085,0.038,0.0045000000000000005
1968-06-01,0.0069,-0.0019,0.0073,-0.019,0.0043
1968-07-01,-0.027200000000000002,-0.013600000000000001,0.053899999999999997,-0.0088,0.0048
1968-08-01,0.0134,0.023399999999999997,0.0101,0.0189,0.0042
1968-09-01,0.0403,0.027999999999999997,0.003,-0.006500000000000001,0.0043
1968-10-01,0.0042,-0.0048,0.0286,-0.0146,0.0044
1968-11-01,0.054299999999999994,0.023399999999999997,-0.0092,0.0175,0.0042
1968-12-01,-0.0394,0.0337,-1e-4,-1e-4,0.0043
1969-01-01,-0.0125,-0.0074,0.0167,-0.0017000000000000001,0.0053
1969-02-01,-0.0584,-0.0392,0.0091,-0.0236,0.0046
1969-03-01,0.0264,-0.003,-0.0051,0.0397,0.0046
1969-04-01,0.0146,-0.0086,-3e-4,0.0113,0.0053
1969-05-01,-0.001,-0.0021,0.006999999999999999,0.017,0.0048
1969-06-01,-0.0718,-0.0537,-0.0108,-0.023,0.0051
1969-07-01,-0.07,-0.032400000000000005,0.012,0.0171,0.0053
1969-08-01,0.046799999999999994,0.009300000000000001,-0.0379,0.0217,0.005
1969-09-01,-0.0298,0.0118,-0.0327,0.0252,0.0062
1969-10-01,0.0506,0.0391,-0.0316,-0.0431,0.006
1969-11-01,-0.0379,-0.0258,-0.011899999999999999,0.0366,0.0052
1969-12-01,-0.0263,-0.0371,-0.0286,0.0496,0.0064
1970-01-01,-0.081,0.029300000000000003,0.0313,0.006,0.006
1970-02-01,0.0513,-0.0258,0.0393,0.0023,0.0062
1970-03-01,-0.0106,-0.0232,0.039900000000000005,-0.0036,0.005699999999999999
1970-04-01,-0.11,-0.061500000000000006,0.061799999999999994,-0.0077,0.005
1970-05-01,-0.0692,-0.045899999999999996,0.0333,-0.0278,0.0053
1970-06-01,-0.0579,-0.0213,0.006,0.057,0.0058
1970-07-01,0.0693,-0.005,0.009000000000000001,-0.031400000000000004,0.0052
1970-08-01,0.0449,0.0152,0.0115,-0.0655,0.0053
1970-09-01,0.0418,0.0859,-0.0547,-0.08800000000000001,0.0054
1970-10-01,-0.022799999999999997,-0.0421,0.0022,0.0942,0.0046
1970-11-01,0.046,-0.0394,0.0169,0.0273,0.0046
1970-12-01,0.0572,0.0292,0.01,-0.0223,0.0042
1971-01-01,0.0484,0.0736,0.013300000000000001,-0.06509999999999999,0.0038
1971-02-01,0.0141,0.018600000000000002,-0.0123,0.0079,0.0033
1971-03-01,0.041299999999999996,0.0262,-0.0395,-0.0141,0.003
1971-04-01,0.0315,-0.0049,0.0069,0.0141,0.0028000000000000004
1971-05-01,-0.0398,-0.0104,-0.0144,0.0086,0.0029
1971-06-01,-0.001,-0.0147,-0.0187,0.0273,0.0037
1971-07-01,-0.045,-0.0148,2e-4,-0.0235,0.004
1971-08-01,0.0379,-0.0017000000000000001,0.0263,0.0361,0.004699999999999999
1971-09-01,-0.0085,0.0051,-0.0291,0.0212,0.0037
1971-10-01,-0.044199999999999996,-0.0176,-0.0048,0.004699999999999999,0.0037
1971-11-01,-0.0046,-0.0277,-0.0168,0.0151,0.0037
1971-12-01,0.08710000000000001,0.0329,-0.004,-0.0058,0.0037
1972-01-01,0.024900000000000002,0.058499999999999996,0.022400000000000003,0.0017000000000000001,0.0029
1972-02-01,0.0287,0.013000000000000001,-0.0279,0.0254,0.0025
1972-03-01,0.0063,-0.0024,-0.0161,0.0294,0.0027
1972-04-01,0.0029,0.0011,0.0012,0.0281,0.0029
1972-05-01,0.0125,-0.0269,-0.027000000000000003,0.0329,0.003
1972-06-01,-0.024300000000000002,0.0027,-0.0248,0.019,0.0029
1972-07-01,-0.008,-0.0287,0.0066,0.0275,0.0031
1972-08-01,0.0326,-0.0403,0.0454,-0.054000000000000006,0.0029
1972-09-01,-0.011399999999999999,-0.0265,0.0046,0.0182,0.0034000000000000002
1972-10-01,0.0052,-0.0273,0.0134,0.0070999999999999995,0.004
1972-11-01,0.046,-0.012,0.048499999999999995,-0.0509,0.0037
1972-12-01,0.0062,-0.0195,-0.0219,0.0492,0.0037
1973-01-01,-0.0329,-0.0349,0.0268,0.0373,0.0044
1973-02-01,-0.048499999999999995,-0.0387,0.016,0.0216,0.0040999999999999995
1973-03-01,-0.013000000000000001,-0.0282,0.0262,0.0359,0.0046
1973-04-01,-0.056799999999999996,-0.0385,0.0541,0.0636,0.0052
1973-05-01,-0.0294,-0.063,0.0040999999999999995,0.07139999999999999,0.0051
1973-06-01,-0.015700000000000002,-0.0286,0.012,0.043,0.0051
1973-07-01,0.050499999999999996,0.0797,-0.053099999999999994,-0.1157,0.0064
1973-08-01,-0.0382,-0.0213,0.0124,0.0346,0.006999999999999999
1973-09-01,0.0475,0.0304,0.020099999999999996,-0.07,0.0068000000000000005
1973-10-01,-0.0083,-0.0045000000000000005,0.0194,0.0687,0.006500000000000001
1973-11-01,-0.1275,-0.0767,0.0387,0.0866,0.005600000000000001
1973-12-01,0.0060999999999999995,-0.0535,0.0385,0.1038,0.0064
1974-01-01,-0.0017000000000000001,0.0968,0.0602,-0.0885,0.0063
1974-02-01,-0.004699999999999999,-0.0018,0.0281,0.0032,0.0058
1974-03-01,-0.0281,0.026000000000000002,-0.0032,-0.0106,0.005600000000000001
1974-04-01,-0.0529,-0.0074,0.0085,0.021099999999999997,0.0075
1974-05-01,-0.046799999999999994,-0.0296,-0.0202,-0.0039000000000000003,0.0075
1974-06-01,-0.028300000000000002,-0.0017000000000000001,0.0077,0.023,0.006
1974-07-01,-0.0805,0.0084,0.0516,0.0311,0.006999999999999999
1974-08-01,-0.0935,-0.0073,0.0264,0.03,0.006
1974-09-01,-0.1177,0.0027,0.0558,0.0424,0.008100000000000001
1974-10-01,0.161,-0.0345,-0.0987,-0.0054,0.0051
1974-11-01,-0.0451,-0.0121,-0.002,0.0213,0.0054
1974-12-01,-0.0345,-0.0483,0.0011,0.0292,0.006999999999999999
1975-01-01,0.1366,0.1114,0.0828,-0.1382,0.0058
1975-02-01,0.0556,0.0016,-0.044500000000000005,-0.0060999999999999995,0.0043
1975-03-01,0.026600000000000002,0.0379,0.023799999999999998,-0.0204,0.0040999999999999995
1975-04-01,0.042300000000000004,-0.006500000000000001,-0.011399999999999999,0.0138,0.0044
1975-05-01,0.0519,0.0383,-0.040999999999999995,-0.0058,0.0044
1975-06-01,0.0483,0.0087,0.0138,4e-4,0.0040999999999999995
1975-07-01,-0.0659,0.027000000000000003,0.0169,0.0042,0.0048
1975-08-01,-0.0285,-0.0325,-0.0095,-0.001,0.0048
1975-09-01,-0.0426,-0.001,0.0039000000000000003,0.0040999999999999995,0.0053
1975-10-01,0.053099999999999994,-0.0403,0.0028000000000000004,-0.0016,0.005600000000000001
1975-11-01,0.0264,-0.012,0.0203,-0.0045000000000000005,0.0040999999999999995
1975-12-01,-0.016,-0.0078000000000000005,0.0169,-0.0011,0.0048
1976-01-01,0.1216,0.0481,0.0863,0.044500000000000005,0.004699999999999999
1976-02-01,0.0032,0.0706,0.0587,0.0038,0.0034000000000000002
1976-03-01,0.0232,-0.0116,-0.0012,0.0015,0.004
1976-04-01,-0.0149,-0.0011,-0.0016,0.0059,0.0042
1976-05-01,-0.0134,-0.0123,-0.013600000000000001,-0.011200000000000002,0.0037
1976-06-01,0.0405,-0.0132,0.0070999999999999995,-0.0042,0.0043
1976-07-01,-0.010700000000000001,0.0029,0.0173,-0.0013,0.004699999999999999
1976-08-01,-0.005600000000000001,-0.02,0.008100000000000001,-0.0085,0.0042
1976-09-01,0.0207,-2e-4,-0.0029,0.0022,0.0044
1976-10-01,-0.0242,0.0022,-0.0018,-0.0044,0.0040999999999999995
1976-11-01,0.0036,0.0232,0.0151,0.0291,0.004
1976-12-01,0.0565,0.030299999999999997,0.0227,0.0073,0.004
1977-01-01,-0.0405,0.047599999999999996,0.042699999999999995,0.04,0.0036
1977-02-01,-0.0194,0.0104,0.004699999999999999,0.0036,0.0034999999999999996
1977-03-01,-0.0137,0.01,0.0109,0.0055000000000000005,0.0038
1977-04-01,0.0015,-0.0012,0.0338,0.0421,0.0038
1977-05-01,-0.014499999999999999,0.0118,0.0085,0.0203,0.0037
1977-06-01,0.0471,0.0209,-0.0074,0.0166,0.004
1977-07-01,-0.0169,0.0216,-0.005600000000000001,0.0032,0.0042
1977-08-01,-0.0175,0.0148,-0.027000000000000003,-0.017,0.0044
1977-09-01,-0.0027,0.0134,-0.0052,0.02,0.0043
1977-10-01,-0.0438,0.0125,0.0175,-8e-4,0.0049
1977-11-01,0.04,0.0373,0.0026,0.020099999999999996,0.005
1977-12-01,0.0027,0.0132,-0.0029,0.0158,0.0049
1978-01-01,-0.0601,0.022400000000000003,0.0336,-0.0066,0.0049
1978-02-01,-0.0138,0.0359,0.0083,0.0197,0.0046
1978-03-01,0.0285,0.0349,0.0118,0.0137,0.0053
1978-04-01,0.0788,0.0045000000000000005,-0.0354,0.0086,0.0054
1978-05-01,0.0176,0.045599999999999995,-0.0052,0.028300000000000002,0.0051
1978-06-01,-0.0169,0.0166,0.005699999999999999,0.0274,0.0054
1978-07-01,0.051100000000000007,0.0023,-0.0115,0.0417,0.005600000000000001
1978-08-01,0.0375,0.0506,-0.0051,0.028300000000000002,0.005600000000000001
1978-09-01,-0.0143,-0.0043,0.0189,-0.031400000000000004,0.0062
1978-10-01,-0.1191,-0.0986,0.0138,-0.08460000000000001,0.0068000000000000005
1978-11-01,0.0271,0.0297,-0.0215,0.0545,0.006999999999999999
1978-12-01,0.0088,0.0129,-0.0213,0.030299999999999997,0.0078000000000000005
1979-01-01,0.042300000000000004,0.0362,0.0219,-0.013600000000000001,0.0077
1979-02-01,-0.0356,0.0045000000000000005,0.011699999999999999,-0.0106,0.0073
1979-03-01,0.056799999999999996,0.0326,-0.0070999999999999995,0.029300000000000003,0.008100000000000001
1979-04-01,-6e-4,0.0215,0.011200000000000002,0.008100000000000001,0.008
1979-05-01,-0.022099999999999998,0.0021,0.0131,-0.0054,0.008199999999999999
1979-06-01,0.0385,0.011699999999999999,0.0144,0.0084,0.008100000000000001
1979-07-01,0.008199999999999999,0.0128,0.018600000000000002,-0.010700000000000001,0.0077
1979-08-01,0.0553,0.020499999999999997,-0.0158,-0.002,0.0077
1979-09-01,-0.008199999999999999,-0.0027,-0.009000000000000001,0.0528,0.0083
1979-10-01,-0.081,-0.0337,-0.0184,0.020099999999999996,0.0087
1979-11-01,0.0521,0.0287,-0.0329,0.0814,0.009899999999999999
1979-12-01,0.0179,0.0417,-0.021,0.0478,0.0095
1980-01-01,0.055099999999999996,0.016200000000000003,0.0175,0.0755,0.008
1980-02-01,-0.012199999999999999,-0.018500000000000003,0.0060999999999999995,0.0788,0.0089
1980-03-01,-0.129,-0.0664,-0.0101,-0.0955,0.0121
1980-04-01,0.0397,0.0105,0.0106,-0.0043,0.0126
1980-05-01,0.0526,0.0213,0.0038,-0.011200000000000002,0.008100000000000001
1980-06-01,0.030600000000000002,0.0166,-0.0076,0.016200000000000003,0.0060999999999999995
1980-07-01,0.0649,0.0414,-0.0641,0.0039000000000000003,0.0053
1980-08-01,0.018000000000000002,0.0392,-0.026000000000000002,0.0321,0.0064
1980-09-01,0.0219,0.0098,-0.045899999999999996,0.053899999999999997,0.0075
1980-10-01,0.0106,0.024700000000000003,-0.0276,0.073,0.0095
1980-11-01,0.0959,-0.0336,-0.0833,0.1522,0.0096
1980-12-01,-0.0452,-0.0026,0.0279,-0.0668,0.0131
1981-01-01,-0.0504,0.0292,0.0672,-0.0795,0.0104
1981-02-01,0.005699999999999999,-0.0034000000000000002,0.0102,-0.013500000000000002,0.010700000000000001
1981-03-01,0.0356,0.0354,0.0064,0.0074,0.0121
1981-04-01,-0.021099999999999997,0.044000000000000004,0.022799999999999997,-0.0091,0.0108
1981-05-01,0.0011,0.02,-0.0042,0.037000000000000005,0.0115
1981-06-01,-0.0236,-0.0083,0.0513,-0.0581,0.013500000000000002
1981-07-01,-0.0154,-0.0219,-0.005,-0.0245,0.0124
1981-08-01,-0.0704,-0.0195,0.047599999999999996,-0.0115,0.0128
1981-09-01,-0.0717,-0.0265,0.051699999999999996,0.0195,0.0124
1981-10-01,0.0492,0.0223,-0.0421,0.0401,0.0121
1981-11-01,0.0336,-0.0103,0.0183,-0.0027,0.010700000000000001
1981-12-01,-0.0365,0.012,0.008100000000000001,0.013000000000000001,0.0087
1982-01-01,-0.032400000000000005,-0.0128,0.0319,0.0172,0.008
1982-02-01,-0.058600000000000006,0.0044,0.0605,0.048799999999999996,0.0092
1982-03-01,-0.0187,-0.0021,0.0381,0.0296,0.0098
1982-04-01,0.0327,0.0147,-0.027000000000000003,-0.004,0.0113
1982-05-01,-0.039900000000000005,0.0052,0.0175,0.025,0.0106
1982-06-01,-0.030899999999999997,-0.004,0.015300000000000001,0.0496,0.0096
1982-07-01,-0.0319,0.0083,9e-4,0.044500000000000005,0.0105
1982-08-01,0.1114,-0.0414,0.0095,-0.0352,0.0076
1982-09-01,0.0129,0.029500000000000002,0.0028000000000000004,0.04190000000000001,0.0051
1982-10-01,0.113,0.023399999999999997,-0.0366,0.0018,0.0059
1982-11-01,0.0467,0.0467,-0.0187,0.059500000000000004,0.0063
1982-12-01,0.0055000000000000005,-0.0022,-2e-4,4e-4,0.0067
1983-01-01,0.036000000000000004,0.0273,-0.0075,-0.0173,0.0069
1983-02-01,0.0259,0.0327,0.006999999999999999,0.0377,0.0062
1983-03-01,0.0282,0.0173,0.0202,0.0092,0.0063
1983-04-01,0.0667,0.005,0.0049,0.0172,0.0070999999999999995
1983-05-01,0.0052,0.062400000000000004,-0.013999999999999999,-0.015600000000000001,0.0069
1983-06-01,0.030699999999999998,0.0095,-0.039,0.018000000000000002,0.0067
1983-07-01,-0.0407,0.015,0.0562,-0.0313,0.0074
1983-08-01,-0.005,-0.042800000000000005,0.0554,-0.0588,0.0076
1983-09-01,0.0091,0.0060999999999999995,0.0101,-3e-4,0.0076
1983-10-01,-0.0344,-0.035699999999999996,0.049699999999999994,-0.0452,0.0076
1983-11-01,0.0216,0.020099999999999996,-0.0072,-0.0013,0.006999999999999999
1983-12-01,-0.0178,-0.0027,0.0173,0.0084,0.0073
1984-01-01,-0.0192,-0.0038,0.0758,-0.0256,0.0076
1984-02-01,-0.0482,-0.0169,0.0333,0.0022,0.0070999999999999995
1984-03-01,0.0063,7.000000000000001e-4,0.0046,0.010700000000000001,0.0073
1984-04-01,-0.0051,-0.0116,0.012,0.0207,0.008100000000000001
1984-05-01,-0.059699999999999996,6e-4,0.0031,0.0151,0.0078000000000000005
1984-06-01,0.0182,-0.003,-0.026600000000000002,-0.006999999999999999,0.0075
1984-07-01,-0.0274,-0.022099999999999998,0.0036,0.0285,0.008199999999999999
1984-08-01,0.10279999999999999,-0.0024,-0.0182,-0.0559,0.0083
1984-09-01,-0.008,0.0017000000000000001,0.0528,0.0362,0.0086
1984-10-01,-0.0084,-0.0123,0.0045000000000000005,0.0316,0.01
1984-11-01,-0.0176,-0.006500000000000001,0.0406,0.016399999999999998,0.0073
1984-12-01,0.0184,-0.005600000000000001,-0.0026,0.0149,0.0064
1985-01-01,0.0799,0.0331,-0.0535,-0.0682,0.006500000000000001
1985-02-01,0.012199999999999999,0.0079,-0.001,0.018799999999999997,0.0058
1985-03-01,-0.0084,-0.0108,0.0407,0.0158,0.0062
1985-04-01,-0.0096,0.0014000000000000002,0.037200000000000004,0.0304,0.0072
1985-05-01,0.0509,-0.0222,-0.0096,0.039900000000000005,0.0066
1985-06-01,0.0127,0.0052,0.0038,0.035699999999999996,0.0055000000000000005
1985-07-01,-0.0074,0.028399999999999998,-0.016200000000000003,-0.0391,0.0062
1985-08-01,-0.0102,-0.003,0.0232,0.018500000000000003,0.0055000000000000005
1985-09-01,-0.0454,-0.0159,0.0129,0.0151,0.006
1985-10-01,0.04019999999999999,-0.0151,0.0075,0.048799999999999996,0.006500000000000001
1985-11-01,0.06480000000000001,0.0025,-0.0285,-0.004699999999999999,0.0060999999999999995
1985-12-01,0.0388,-0.0051,-0.0154,-0.0023,0.006500000000000001
1986-01-01,0.006500000000000001,0.0121,0.0044,0.03,0.005600000000000001
1986-02-01,0.0713,-0.0054,-0.0072,0.0276,0.0053
1986-03-01,0.048799999999999996,-0.0059,-0.0039000000000000003,0.0241,0.006
1986-04-01,-0.0131,0.0278,-0.0287,-0.0037,0.0052
1986-05-01,0.0462,-0.013500000000000002,-0.0021,0.020499999999999997,0.0049
1986-06-01,0.0103,-0.0096,0.0128,0.0507,0.0052
1986-07-01,-0.0645,-0.0336,0.047,0.0183,0.0052
1986-08-01,0.060700000000000004,-0.0417,0.0351,-0.0528,0.0046
1986-09-01,-0.086,0.0236,0.0322,-0.0579,0.0045000000000000005
1986-10-01,0.0466,-0.025,-0.014199999999999999,0.0446,0.0046
1986-11-01,0.011699999999999999,-0.0191,-7.000000000000001e-4,-0.0026,0.0039000000000000003
1986-12-01,-0.0327,0.0013,0.0036,0.0034999999999999996,0.0049
1987-01-01,0.1247,-0.0181,-0.0316,0.022000000000000002,0.0042
1987-02-01,0.043899999999999995,0.0349,-0.0591,-0.0207,0.0043
1987-03-01,0.016399999999999998,0.0045000000000000005,0.0161,0.0168,0.004699999999999999
1987-04-01,-0.021099999999999997,-0.0169,-0.0039000000000000003,0.0022,0.0044
1987-05-01,0.0011,-0.005,0.0023,-0.0074,0.0038
1987-06-01,0.0394,-0.0212,0.0104,-0.0025,0.0048
1987-07-01,0.0385,-0.0069,0.0068000000000000005,0.027200000000000002,0.0046
1987-08-01,0.0352,-0.0077,-0.009300000000000001,-0.0086,0.004699999999999999
1987-09-01,-0.0259,0.0054,0.0027,0.0077,0.0045000000000000005
1987-10-01,-0.2324,-0.0843,0.0424,-0.0786,0.006
1987-11-01,-0.07769999999999999,0.027200000000000002,0.029500000000000002,-0.011699999999999999,0.0034999999999999996
1987-12-01,0.0681,0.0013,-0.0443,0.0587,0.0039000000000000003
1988-01-01,0.0421,-0.0072,0.0501,-0.0724,0.0029
1988-02-01,0.0475,0.0334,-0.0171,-0.0147,0.0046
1988-03-01,-0.0227,0.061500000000000006,0.0073,0.0058,0.0044
1988-04-01,0.005600000000000001,0.01,0.0167,0.022400000000000003,0.0046
1988-05-01,-0.0029,-0.026000000000000002,0.0242,0.0063,0.0051
1988-06-01,0.0479,0.021099999999999997,-0.0124,-0.029300000000000003,0.0049
1988-07-01,-0.0125,-0.0025,0.0222,0.0066,0.0051
1988-08-01,-0.0331,4e-4,0.0215,0.0034999999999999996,0.0059
1988-09-01,0.033,-0.0131,-0.0075,0.0027,0.0062
1988-10-01,0.0115,-0.029300000000000003,0.020499999999999997,0.013300000000000001,0.0060999999999999995
1988-11-01,-0.0229,-0.0172,0.0141,0.0033,0.005699999999999999
1988-12-01,0.0149,0.0195,-0.0169,0.0049,0.0063
1989-01-01,0.061,-0.0223,0.006,-0.0016,0.0055000000000000005
1989-02-01,-0.0225,0.0282,0.0101,0.009899999999999999,0.0060999999999999995
1989-03-01,0.015700000000000002,0.0067,0.0058,0.0351,0.0067
1989-04-01,0.0433,-0.0068000000000000005,-0.014199999999999999,0.0177,0.0067
1989-05-01,0.0335,-5e-4,-0.0088,0.0152,0.0079
1989-06-01,-0.013500000000000002,-0.0102,0.0225,0.0043,0.0070999999999999995
1989-07-01,0.07200000000000001,-0.0414,-0.0279,0.0541,0.006999999999999999
1989-08-01,0.0144,0.005600000000000001,0.006,-0.0012,0.0074
1989-09-01,-0.0076,0.0032,-0.0127,0.034,0.006500000000000001
1989-10-01,-0.036699999999999997,-0.0323,-0.0111,0.0132,0.0068000000000000005
1989-11-01,0.0103,-0.0124,-0.0109,0.026000000000000002,0.0069
1989-12-01,0.0116,-0.0236,0.0016,0.027999999999999997,0.0060999999999999995
1990-01-01,-0.0785,-0.0124,0.0085,-0.0327,0.005699999999999999
1990-02-01,0.0111,0.009899999999999999,0.0064,-0.0055000000000000005,0.005699999999999999
1990-03-01,0.0183,0.015,-0.0292,0.018000000000000002,0.0064
1990-04-01,-0.0336,-0.0046,-0.0259,0.0239,0.0069
1990-05-01,0.0842,-0.0253,-0.0383,0.030299999999999997,0.0068000000000000005
1990-06-01,-0.0109,0.013999999999999999,-0.019299999999999998,0.024,0.0063
1990-07-01,-0.019,-0.031200000000000002,-3e-4,0.061,0.0068000000000000005
1990-08-01,-0.1015,-0.035699999999999996,0.016399999999999998,0.018799999999999997,0.0066
1990-09-01,-0.061200000000000004,-0.0365,0.0064,0.057800000000000004,0.006
1990-10-01,-0.0192,-0.0557,0.001,0.06709999999999999,0.0068000000000000005
1990-11-01,0.0635,0.0043,-0.031,-0.0548,0.005699999999999999
1990-12-01,0.0246,0.008100000000000001,-0.017,0.0029,0.006
1991-01-01,0.046900000000000004,0.0381,-0.016,-0.0645,0.0052
1991-02-01,0.0719,0.0395,-0.0058,-0.0461,0.0048
1991-03-01,0.0265,0.0393,-0.0139,0.0287,0.0044
1991-04-01,-0.0028000000000000004,0.0048,0.015,-0.0236,0.0053
1991-05-01,0.0365,-0.004,-0.0052,-0.0011,0.004699999999999999
1991-06-01,-0.049400000000000006,0.0013,0.0115,0.004699999999999999,0.0042
1991-07-01,0.0424,-0.0092,-0.0132,0.0432,0.0049
1991-08-01,0.0232,0.0158,-0.0078000000000000005,0.015700000000000002,0.0046
1991-09-01,-0.0159,0.016399999999999998,-0.0108,0.0179,0.0046
1991-10-01,0.0129,0.008100000000000001,-0.004699999999999999,0.030600000000000002,0.0042
1991-11-01,-0.04190000000000001,-0.005,-0.0189,0.011399999999999999,0.0039000000000000003
1991-12-01,0.1084,-0.022400000000000003,-0.0417,0.0819,0.0038
1992-01-01,-0.0059,0.08460000000000001,0.0471,-0.024900000000000002,0.0034000000000000002
1992-02-01,0.0109,0.0087,0.0647,-0.0053,0.0028000000000000004
1992-03-01,-0.026600000000000002,-0.0104,0.0356,-0.0029,0.0034000000000000002
1992-04-01,0.010700000000000001,-0.060599999999999994,0.0434,-0.0258,0.0032
1992-05-01,0.003,0.0040999999999999995,0.011899999999999999,0.0021,0.0028000000000000004
1992-06-01,-0.023399999999999997,-0.030699999999999998,0.032400000000000005,-0.0058,0.0032
1992-07-01,0.0377,-0.004699999999999999,-0.005600000000000001,0.015600000000000001,0.0031
1992-08-01,-0.023799999999999998,-0.0013,-0.011000000000000001,-0.0051,0.0026
1992-09-01,0.011899999999999999,0.0054,-0.0026,0.0149,0.0026
1992-10-01,0.0102,0.0209,-0.019799999999999998,0.0248,0.0023
1992-11-01,0.041299999999999996,0.037599999999999995,-0.013500000000000002,-0.0015,0.0023
1992-12-01,0.015300000000000001,0.0169,0.0262,0.0431,0.0028000000000000004
1993-01-01,0.009300000000000001,0.0189,0.0594,0.0483,0.0023
1993-02-01,0.0012,-0.0348,0.0642,0.031400000000000004,0.0022
1993-03-01,0.023,0.0024,0.0118,0.0373,0.0025
1993-04-01,-0.0305,-0.0067,0.024900000000000002,0.0038,0.0024
1993-05-01,0.028900000000000002,0.0204,-0.0342,0.0022,0.0022
1993-06-01,0.0031,-0.0029,0.0275,0.0455,0.0025
1993-07-01,-0.0034000000000000002,0.0096,0.0285,0.0316,0.0024
1993-08-01,0.0371,0.0013,0.0013,0.0265,0.0025
1993-09-01,-0.0012,0.0304,-0.0031,0.0337,0.0026
1993-10-01,0.0141,0.0203,-0.0276,-0.027200000000000002,0.0022
1993-11-01,-0.0189,-0.0125,-0.0074,-0.047400000000000005,0.0025
1993-12-01,0.0165,0.0123,0.0032,0.0236,0.0023
1994-01-01,0.0287,0.0034000000000000002,0.0115,0,0.0025
1994-02-01,-0.0255,0.027999999999999997,-0.0154,-0.003,0.0021
1994-03-01,-0.0478,-0.0108,0.016,-0.0127,0.0027
1994-04-01,0.0068000000000000005,-0.009300000000000001,0.0166,0.0039000000000000003,0.0027
1994-05-01,0.0058,-0.0215,0.0067,-0.0219,0.0031
1994-06-01,-0.030299999999999997,-0.0040999999999999995,0.0167,-0.0087,0.0031
1994-07-01,0.0282,-0.0181,0.0058,0.0018,0.0028000000000000004
1994-08-01,0.0401,0.014499999999999999,-0.025099999999999997,0.0155,0.0037
1994-09-01,-0.0231,0.031400000000000004,-0.0189,0.0131,0.0037
1994-10-01,0.0134,-0.022400000000000003,-0.016200000000000003,0.0149,0.0038
1994-11-01,-0.0404,0.0025,-0.006999999999999999,-0.0018,0.0037
1994-12-01,0.0086,0.0022,-0.0013,0.0348,0.0044
1995-01-01,0.018000000000000002,-0.035,0.025699999999999997,-0.0181,0.0042
1995-02-01,0.0363,-0.0066,0.0108,-0.0039000000000000003,0.004
1995-03-01,0.0219,-0.0016,-0.0215,0.0043,0.0046
1995-04-01,0.021099999999999997,-0.0049,0.0171,0.0179,0.0044
1995-05-01,0.028999999999999998,-0.0255,0.0229,-0.0042,0.0054
1995-06-01,0.027200000000000002,0.0318,-0.0254,0.029300000000000003,0.004699999999999999
1995-07-01,0.037200000000000004,0.0207,-0.016200000000000003,0.0256,0.0045000000000000005
1995-08-01,0.0055000000000000005,0.013500000000000002,0.0279,0.0016,0.004699999999999999
1995-09-01,0.0335,-0.022000000000000002,-4e-4,0.028999999999999998,0.0043
1995-10-01,-0.0152,-0.0378,-0.005,0.0416,0.004699999999999999
1995-11-01,0.039599999999999996,-0.0109,0.0051,-0.0068000000000000005,0.0042
1995-12-01,0.0103,0.006999999999999999,0.0022,0.0252,0.0049
1996-01-01,0.0226,-0.0273,0.0038,0.0054,0.0043
1996-02-01,0.013300000000000001,0.0179,-0.0108,0.0059,0.0039000000000000003
1996-03-01,0.0073,0.0149,0.0034999999999999996,-0.0184,0.0039000000000000003
1996-04-01,0.0206,0.052300000000000006,-0.04019999999999999,-0.0088,0.0046
1996-05-01,0.0236,0.0317,-0.0083,0.0154,0.0042
1996-06-01,-0.011399999999999999,-0.0401,0.0235,0.0098,0.004
1996-07-01,-0.059699999999999996,-0.0431,0.051399999999999994,-0.0016,0.0045000000000000005
1996-08-01,0.0277,0.024399999999999998,-0.0074,1e-4,0.0040999999999999995
1996-09-01,0.0501,-0.0098,-0.027200000000000002,0.027000000000000003,0.0044
1996-10-01,0.0086,-0.0444,0.049400000000000006,0.0379,0.0042
1996-11-01,0.0625,-0.04019999999999999,0.0139,-0.023700000000000002,0.0040999999999999995
1996-12-01,-0.017,0.0316,0.0131,0.0063,0.0046
1997-01-01,0.0499,-0.0195,-0.014199999999999999,0.0196,0.0045000000000000005
1997-02-01,-0.0049,-0.0322,0.0567,-0.0213,0.0039000000000000003
1997-03-01,-0.050300000000000004,-0.0036,0.0339,0.009000000000000001,0.0043
1997-04-01,0.0404,-0.057699999999999994,7.000000000000001e-4,0.0484,0.0043
1997-05-01,0.0674,0.0519,-0.041299999999999996,-0.051699999999999996,0.0049
1997-06-01,0.040999999999999995,0.012199999999999999,0.0158,0.026000000000000002,0.0037
1997-07-01,0.0733,-0.0274,0.0026,0.0377,0.0043
1997-08-01,-0.0415,0.0728,0.0118,-0.0256,0.0040999999999999995
1997-09-01,0.0535,0.0253,0.0037,0.0147,0.0044
1997-10-01,-0.038,-0.0073,0.0227,-0.005699999999999999,0.0042
1997-11-01,0.0298,-0.0512,0.012,0.0033,0.0039000000000000003
1997-12-01,0.0132,-0.0248,0.0384,0.0398,0.0048
1998-01-01,0.0015,-0.010700000000000001,-0.0163,0.0014000000000000002,0.0043
1998-02-01,0.0704,0.0032,-0.0085,-0.011200000000000002,0.0039000000000000003
1998-03-01,0.047599999999999996,-0.011399999999999999,0.0139,0.0215,0.0039000000000000003
1998-04-01,0.0073,7.000000000000001e-4,0.009399999999999999,0.0074,0.0043
1998-05-01,-0.030699999999999998,-0.0338,0.0344,0.0182,0.004
1998-06-01,0.0318,-0.0321,-0.0196,0.0728,0.0040999999999999995
1998-07-01,-0.0246,-0.049100000000000005,-0.0178,0.0369,0.004
1998-08-01,-0.16079999999999997,-0.056900000000000006,0.0353,0.0184,0.0043
1998-09-01,0.061500000000000006,9e-4,-0.0342,-0.008100000000000001,0.0046
1998-10-01,0.0713,-0.031200000000000002,-0.0223,-0.0537,0.0032
1998-11-01,0.061,0.0123,-0.0325,0.012,0.0031
1998-12-01,0.0616,-0.005,-0.04190000000000001,0.0892,0.0038
1999-01-01,0.035,0.0075,-0.046,0.030299999999999997,0.0034999999999999996
1999-02-01,-0.0408,-0.0608,0.0192,-0.001,0.0034999999999999996
1999-03-01,0.0345,-0.038,-0.0274,-0.0127,0.0043
1999-04-01,0.0433,0.0391,0.0246,-0.0904,0.0037
1999-05-01,-0.0246,0.0334,0.0235,-0.0519,0.0034000000000000002
1999-06-01,0.04769999999999999,0.031,-0.0319,0.0506,0.004
1999-07-01,-0.0349,0.026000000000000002,-0.0044,0.0166,0.0038
1999-08-01,-0.0138,-0.009399999999999999,-0.0187,0.031200000000000002,0.0039000000000000003
1999-09-01,-0.0279,0.0341,-0.0349,0.0647,0.0039000000000000003
1999-10-01,0.061200000000000004,-0.0664,-0.0337,0.055,0.0039000000000000003
1999-11-01,0.0337,0.0721,-0.061200000000000004,0.0564,0.0036
1999-12-01,0.07719999999999999,0.0703,-0.0833,0.1322,0.0044
2000-01-01,-0.047400000000000005,0.057699999999999994,-0.018799999999999997,0.0192,0.0040999999999999995
2000-02-01,0.0245,0.21359999999999998,-0.0959,0.182,0.0043
2000-03-01,0.052000000000000005,-0.172,0.08130000000000001,-0.0683,0.004699999999999999
2000-04-01,-0.064,-0.0668,0.0726,-0.0839,0.0046
2000-05-01,-0.044199999999999996,-0.0605,0.0475,-0.0898,0.005
2000-06-01,0.0464,0.1284,-0.0842,0.166,0.004
2000-07-01,-0.025099999999999997,-0.030699999999999998,0.08310000000000001,-5e-4,0.0048
2000-08-01,0.0703,-0.0060999999999999995,-0.0139,0.057300000000000004,0.005
2000-09-01,-0.0545,-0.0182,0.0717,0.0197,0.0051
2000-10-01,-0.0276,-0.0388,0.0571,-0.044800000000000006,0.005600000000000001
2000-11-01,-0.1072,-0.0341,0.12300000000000001,-0.0232,0.0051
2000-12-01,0.011899999999999999,0.0073,0.0761,0.0674,0.005
2001-01-01,0.0313,0.0668,-0.0507,-0.253,0.0054
2001-02-01,-0.1005,-0.0078000000000000005,0.1247,0.1257,0.0038
2001-03-01,-0.0726,0.0025,0.0642,0.0855,0.0042
2001-04-01,0.0794,0.0055000000000000005,-0.0467,-0.079,0.0039000000000000003
2001-05-01,0.0072,0.025,0.0336,0.022099999999999998,0.0032
2001-06-01,-0.0194,0.062400000000000004,-0.011200000000000002,0.0038,0.0028000000000000004
2001-07-01,-0.0213,-0.04190000000000001,0.0521,0.0558,0.003
2001-08-01,-0.0646,0.0248,0.0231,0.0553,0.0031
2001-09-01,-0.0925,-0.0623,0.014499999999999999,0.1148,0.0028000000000000004
2001-10-01,0.0246,0.0748,-0.0765,-0.08470000000000001,0.0022
2001-11-01,0.0754,-0.004699999999999999,0.022099999999999998,-0.08689999999999999,0.0017000000000000001
2001-12-01,0.016,0.047400000000000005,0.0084,7.000000000000001e-4,0.0015
2002-01-01,-0.0144,0.011899999999999999,0.0344,0.0375,0.0014000000000000002
2002-02-01,-0.0229,-0.0101,0.0216,0.0682,0.0013
2002-03-01,0.0424,0.0421,0.0106,-0.016399999999999998,0.0013
2002-04-01,-0.052000000000000005,0.0596,0.0388,0.07629999999999999,0.0015
2002-05-01,-0.0138,-0.0321,0.015300000000000001,0.0316,0.0014000000000000002
2002-06-01,-0.0721,0.0429,-5e-4,0.0603,0.0013
2002-07-01,-0.0818,-0.0528,-0.0385,0.0377,0.0015
2002-08-01,0.005,-0.0286,0.032799999999999996,0.019,0.0014000000000000002
2002-09-01,-0.1035,0.0241,0.014499999999999999,0.0913,0.0014000000000000002
2002-10-01,0.0784,-0.0342,-0.0394,-0.0558,0.0014000000000000002
2002-11-01,0.0596,0.0319,-0.0126,-0.16329999999999997,0.0012
2002-12-01,-0.0576,8e-4,0.021400000000000002,0.0964,0.0011
2003-01-01,-0.025699999999999997,0.0132,-0.008100000000000001,0.0155,0.001
2003-02-01,-0.018799999999999997,-0.0046,-0.0137,0.011699999999999999,9e-4
2003-03-01,0.0109,0.0102,-0.0194,0.0148,0.001
2003-04-01,0.08220000000000001,0.0062,0.0115,-0.0933,0.001
2003-05-01,0.0605,0.0467,0.0039000000000000003,-0.107,9e-4
2003-06-01,0.014199999999999999,0.0174,0.0011,-0.01,0.001
2003-07-01,0.0235,0.0506,-0.0124,-0.0024,7.000000000000001e-4
2003-08-01,0.023399999999999997,0.0259,0.015300000000000001,-0.0062,7.000000000000001e-4
2003-09-01,-0.0124,0.0079,0.0017000000000000001,-0.0019,8e-4
2003-10-01,0.0608,0.0269,0.0197,0.039900000000000005,7.000000000000001e-4
2003-11-01,0.013500000000000002,0.0208,0.0178,0.0146,7.000000000000001e-4
2003-12-01,0.0429,-0.026699999999999998,0.016,-0.0557,8e-4
2004-01-01,0.0215,0.0255,0.024900000000000002,0.0258,7.000000000000001e-4
2004-02-01,0.013999999999999999,-0.015700000000000002,0.0088,-0.011399999999999999,6e-4
2004-03-01,-0.0132,0.0172,0.0027,0.0017000000000000001,9e-4
2004-04-01,-0.0183,-0.017,-0.030699999999999998,-0.0538,8e-4
2004-05-01,0.011699999999999999,-0.002,-0.0025,0.015,6e-4
2004-06-01,0.018600000000000002,0.0226,0.0118,0.020499999999999997,8e-4
2004-07-01,-0.0406,-0.0382,0.032400000000000005,-0.0229,0.001
2004-08-01,8e-4,-0.0148,0.0097,-0.0159,0.0011
2004-09-01,0.016,0.0301,0,0.054900000000000004,0.0011
2004-10-01,0.0143,0.0015,-0.0022,-0.0138,0.0011
2004-11-01,0.0454,0.0374,0.0141,0.0316,0.0015
2004-12-01,0.034300000000000004,-3e-4,-0.0022,-0.0287,0.0016
2005-01-01,-0.0276,-0.0172,0.0206,0.0305,0.0016
2005-02-01,0.0189,-0.005699999999999999,0.0154,0.0337,0.0016
2005-03-01,-0.0197,-0.013999999999999999,0.0204,0.0040999999999999995,0.0021
2005-04-01,-0.026099999999999998,-0.0394,7.000000000000001e-4,-0.0069,0.0021
2005-05-01,0.0365,0.0288,-0.0064,0.0045000000000000005,0.0024
2005-06-01,0.005699999999999999,0.0258,0.028300000000000002,0.020499999999999997,0.0023
2005-07-01,0.0392,0.0291,-0.0079,6e-4,0.0024
2005-08-01,-0.012199999999999999,-0.0097,0.0132,0.0208,0.003
2005-09-01,0.0049,-0.006500000000000001,0.0070999999999999995,0.034300000000000004,0.0029
2005-10-01,-0.0202,-0.0125,0.0042,-0.0139,0.0027
2005-11-01,0.0361,0.01,-0.0116,0.0034999999999999996,0.0031
2005-12-01,-0.0025,-0.0042,0.002,0.0077,0.0032
2006-01-01,0.0304,0.054000000000000006,0.0108,0.0253,0.0034999999999999996
2006-02-01,-0.003,-0.0038,-0.0034000000000000002,-0.0184,0.0034000000000000002
2006-03-01,0.0146,0.0344,0.006,0.0126,0.0037
2006-04-01,0.0073,-0.014199999999999999,0.023399999999999997,0.0064,0.0036
2006-05-01,-0.035699999999999996,-0.0296,0.0241,-0.037000000000000005,0.0043
2006-06-01,-0.0034999999999999996,-0.0039000000000000003,0.0085,0.0154,0.004
2006-07-01,-0.0078000000000000005,-0.0398,0.026000000000000002,-0.0212,0.004
2006-08-01,0.0203,0.0103,-0.0206,-0.0338,0.0042
2006-09-01,0.0184,-0.013600000000000001,8e-4,-0.0096,0.0040999999999999995
2006-10-01,0.0323,0.0175,-0.0031,-0.002,0.0040999999999999995
2006-11-01,0.0171,0.006999999999999999,0.0014000000000000002,-0.0103,0.0042
2006-12-01,0.0087,-0.0115,0.0273,0.0079,0.004
2007-01-01,0.013999999999999999,0.0012,-0.0068000000000000005,0.0024,0.0044
2007-02-01,-0.0196,0.011899999999999999,-0.0014000000000000002,-0.013500000000000002,0.0038
2007-03-01,0.0068000000000000005,0.0016,-0.0097,0.0256,0.0043
2007-04-01,0.0349,-0.0216,-0.014499999999999999,-0.0024,0.0044
2007-05-01,0.032400000000000005,0.0024,-0.006500000000000001,-0.0034000000000000002,0.0040999999999999995
2007-06-01,-0.0196,0.0075,-0.0105,0.0051,0.004
2007-07-01,-0.0373,-0.026099999999999998,-0.0371,0.0294,0.004
2007-08-01,0.0092,-0.0013,-0.018600000000000002,0.001,0.0042
2007-09-01,0.0322,-0.0223,-0.022099999999999998,0.0463,0.0032
2007-10-01,0.018000000000000002,8e-4,-0.0298,0.050199999999999995,0.0032
2007-11-01,-0.0483,-0.029300000000000003,-0.009399999999999999,0.009899999999999999,0.0034000000000000002
2007-12-01,-0.0087,0.0013,-0.0055000000000000005,0.0663,0.0027
2008-01-01,-0.0636,-0.0103,0.0397,-0.0775,0.0021
2008-02-01,-0.030899999999999997,-0.0043,-0.0084,0.061,0.0013
2008-03-01,-0.009300000000000001,0.0070999999999999995,0.003,0.042699999999999995,0.0017000000000000001
2008-04-01,0.046,-0.0172,-0.009399999999999999,-0.0031,0.0018
2008-05-01,0.018600000000000002,0.0296,-0.0143,0.0331,0.0018
2008-06-01,-0.08439999999999999,0.0123,-0.0271,0.1275,0.0017000000000000001
2008-07-01,-0.0077,0.026000000000000002,0.0542,-0.0513,0.0015
2008-08-01,0.015300000000000001,0.036000000000000004,0.0159,-0.04019999999999999,0.0013
2008-09-01,-0.0924,-0.0123,0.0591,0.0028000000000000004,0.0015
2008-10-01,-0.1723,-0.026000000000000002,-0.023,0.0785,8e-4
2008-11-01,-0.0786,-0.0285,-0.06309999999999999,0.0717,3e-4
2008-12-01,0.0174,0.0346,0.0014000000000000002,-0.0509,0
2009-01-01,-0.0812,7.000000000000001e-4,-0.11289999999999999,-0.0218,0
2009-02-01,-0.10099999999999999,5e-4,-0.0695,0.0441,1e-4
2009-03-01,0.0895,3e-4,0.0347,-0.11869999999999999,2e-4
2009-04-01,0.1018,0.053899999999999997,0.0536,-0.34299999999999997,1e-4
2009-05-01,0.0521,-0.0252,0.0028000000000000004,-0.1249,0
2009-06-01,0.0043,0.0263,-0.0273,0.0548,1e-4
2009-07-01,0.07719999999999999,0.0187,0.0483,-0.0555,1e-4
2009-08-01,0.0333,-0.0108,0.07629999999999999,-0.0907,1e-4
2009-09-01,0.0408,0.024300000000000002,0.0104,-0.0479,1e-4
2009-10-01,-0.0259,-0.0435,-0.0421,0.026099999999999998,0
2009-11-01,0.0556,-0.024,-0.0034000000000000002,0.003,0
2009-12-01,0.0275,0.0605,-0.0016,0.0301,1e-4
2010-01-01,-0.0336,0.004,0.0043,-0.054000000000000006,0
2010-02-01,0.034,0.011899999999999999,0.0322,0.0374,0
2010-03-01,0.06309999999999999,0.0148,0.022099999999999998,0.037599999999999995,1e-4
2010-04-01,0.02,0.0487,0.028900000000000002,0.0316,1e-4
2010-05-01,-0.0789,9e-4,-0.024399999999999998,-0.0025,1e-4
2010-06-01,-0.0557,-0.0181,-0.047,-0.0276,1e-4
2010-07-01,0.0693,0.002,-0.0031,0.018799999999999997,1e-4
2010-08-01,-0.04769999999999999,-0.03,-0.019,-6e-4,1e-4
2010-09-01,0.09539999999999998,0.039599999999999996,-0.0316,0.0141,1e-4
2010-10-01,0.0388,0.0113,-0.0242,0.0158,1e-4
2010-11-01,0.006,0.037599999999999995,-0.0096,0.026600000000000002,1e-4
2010-12-01,0.0682,0.0073,0.0369,-0.030299999999999997,1e-4
2011-01-01,0.0199,-0.025,0.008199999999999999,-0.0029,1e-4
2011-02-01,0.0349,0.015300000000000001,0.0127,0.0199,1e-4
2011-03-01,0.0046,0.0254,-0.0183,0.034,1e-4
2011-04-01,0.028999999999999998,-0.0038,-0.024300000000000002,4e-4,0
2011-05-01,-0.0127,-0.0059,-0.0212,-0.0062,0
2011-06-01,-0.0175,-0.0012,-0.0042,0.0178,0
2011-07-01,-0.0235,-0.0127,-0.0089,0.0018,0
2011-08-01,-0.0599,-0.0305,-0.0236,-0.0028000000000000004,1e-4
2011-09-01,-0.0759,-0.0331,-0.0173,-0.0242,0
2011-10-01,0.11349999999999999,0.032799999999999996,0.0011,-0.0143,0
2011-11-01,-0.0028000000000000004,-0.0016,-0.0045000000000000005,0.0384,0
2011-12-01,0.0074,-0.0059,0.0163,0.0181,0
2012-01-01,0.050499999999999996,0.0204,-0.0097,-0.0791,0
2012-02-01,0.044199999999999996,-0.018500000000000003,0.0043,-0.0029,0
2012-03-01,0.0311,-0.0064,0.011399999999999999,0.013000000000000001,0
2012-04-01,-0.0085,-0.0042,-0.0078000000000000005,0.0375,0
2012-05-01,-0.061900000000000004,7.000000000000001e-4,-0.010700000000000001,0.0649,1e-4
2012-06-01,0.038900000000000004,0.0067,0.0062,-0.0106,0
2012-07-01,0.0079,-0.0275,-2e-4,0.0304,0
2012-08-01,0.0255,0.004699999999999999,0.013000000000000001,-0.023700000000000002,1e-4
2012-09-01,0.0273,0.0051,0.016,-0.011399999999999999,1e-4
2012-10-01,-0.0176,-0.0115,0.0359,0.0014000000000000002,1e-4
2012-11-01,0.0078000000000000005,0.0063,-0.0084,0.0049,1e-4
2012-12-01,0.0118,0.0148,0.0351,-0.0286,1e-4
2013-01-01,0.0557,0.0034000000000000002,0.0096,-0.0179,0
2013-02-01,0.0129,-0.0027,0.0011,0.0129,0
2013-03-01,0.0403,0.008100000000000001,-0.0019,0.0192,0
2013-04-01,0.0155,-0.023700000000000002,0.0045000000000000005,0.0022,0
2013-05-01,0.027999999999999997,0.0171,0.0263,-0.0202,0
2013-06-01,-0.012,0.013300000000000001,3e-4,0.0052,0
2013-07-01,0.0565,0.0187,0.005699999999999999,0.0176,0
2013-08-01,-0.0271,0.0027,-0.0269,2e-4,0
2013-09-01,0.0377,0.0287,-0.012199999999999999,0.030600000000000002,0
2013-10-01,0.0418,-0.0152,0.0125,8e-4,0
2013-11-01,0.0313,0.0129,0.0032,0.0044,0
2013-12-01,0.0281,-0.004699999999999999,-2e-4,2e-4,0
2014-01-01,-0.0332,0.0089,-0.0207,0.0171,0
2014-02-01,0.04650000000000001,0.0034000000000000002,-0.0031,0.0207,0
2014-03-01,0.0043,-0.0181,0.0493,-0.0329,0
2014-04-01,-0.0019,-0.0418,0.011699999999999999,-0.038900000000000004,0
2014-05-01,0.0206,-0.018799999999999997,-0.0013,0.0087,0
2014-06-01,0.026099999999999998,0.030899999999999997,-0.006999999999999999,0.0069,0
2014-07-01,-0.0204,-0.043,4e-4,-0.0012,0
2014-08-01,0.0424,0.004,-0.0045000000000000005,0.008199999999999999,0
2014-09-01,-0.0197,-0.037000000000000005,-0.013500000000000002,0.005,0
2014-10-01,0.0252,0.042,-0.018000000000000002,-6e-4,0
2014-11-01,0.0255,-0.0206,-0.031,0.0068000000000000005,0
2014-12-01,-6e-4,0.024900000000000002,0.0227,0.011200000000000002,0
2015-01-01,-0.0311,-0.005600000000000001,-0.0359,0.0384,0
2015-02-01,0.0613,0.0063,-0.018600000000000002,-0.0282,0
2015-03-01,-0.011200000000000002,0.0304,-0.0038,0.0274,0
2015-04-01,0.0059,-0.030600000000000002,0.0182,-0.0727,0
2015-05-01,0.013600000000000001,0.009399999999999999,-0.0115,0.0582,0
2015-06-01,-0.015300000000000001,0.0291,-0.0079,0.0301,0
2015-07-01,0.0154,-0.0417,-0.041299999999999996,0.0998,0
2015-08-01,-0.0604,0.0033,0.0277,-0.0209,0
2015-09-01,-0.030699999999999998,-0.0262,0.005600000000000001,0.052199999999999996,0
2015-10-01,0.0775,-0.0189,-0.0046,-0.032799999999999996,0
2015-11-01,0.005699999999999999,0.0359,-0.0042,0.022799999999999997,0
2015-12-01,-0.0217,-0.0285,-0.026099999999999998,0.0336,1e-4
2016-01-01,-0.057699999999999994,-0.0342,0.0209,0.0144,1e-4
2016-02-01,-7.000000000000001e-4,0.0074,-0.005699999999999999,-0.0438,2e-4
2016-03-01,0.0696,0.008199999999999999,0.011899999999999999,-0.0501,2e-4
2016-04-01,0.0091,0.0076,0.032799999999999996,-0.0602,1e-4
2016-05-01,0.0178,-0.0017000000000000001,-0.0166,0.0143,1e-4
2016-06-01,-5e-4,0.0060999999999999995,-0.0148,0.0415,2e-4
2016-07-01,0.0395,0.024900000000000002,-0.0132,-0.0334,2e-4
2016-08-01,0.0049,0.0116,0.0318,-0.0348,2e-4
2016-09-01,0.0025,0.0212,-0.0124,0.0019,2e-4
2016-10-01,-0.0202,-0.044000000000000004,0.0409,0.0059,2e-4
2016-11-01,0.048600000000000004,0.0571,0.0821,-0.0463,1e-4
2016-12-01,0.0182,0.001,0.0353,-0.0025,3e-4
2017-01-01,0.0194,-0.0118,-0.0275,-0.009300000000000001,4e-4
2017-02-01,0.035699999999999996,-0.020499999999999997,-0.0167,-0.0165,4e-4
2017-03-01,0.0017000000000000001,0.011399999999999999,-0.0335,-0.0103,3e-4
2017-04-01,0.0109,0.0073,-0.0213,0.0049,5e-4
2017-05-01,0.0106,-0.025699999999999997,-0.0378,0.0148,6e-4
2017-06-01,0.0078000000000000005,0.0225,0.0148,-0.0011,6e-4
2017-07-01,0.0187,-0.015,-0.0031,0.0169,7.000000000000001e-4
2017-08-01,0.0016,-0.0167,-0.021,0.033,9e-4
2017-09-01,0.025099999999999997,0.0447,0.031200000000000002,-0.013300000000000001,9e-4
2017-10-01,0.0225,-0.0194,0.0019,0.042699999999999995,9e-4
2017-11-01,0.031200000000000002,-0.0054,-3e-4,-0.0092,8e-4
2017-12-01,0.0106,-0.0132,6e-4,-0.0154,9e-4
2018-01-01,0.0557,-0.031200000000000002,-0.0128,0.0405,0.0012
2018-02-01,-0.0365,0.0026,-0.0104,0.0355,0.0011
2018-03-01,-0.0235,0.0406,-0.002,-0.0113,0.0011
2018-04-01,0.0029,0.0113,0.0054,0.0037,0.0014000000000000002
2018-05-01,0.0265,0.0526,-0.0322,0.0387,0.0014000000000000002
2018-06-01,0.0048,0.011399999999999999,-0.0233,-0.0236,0.0014000000000000002
2018-07-01,0.0319,-0.0222,0.0045000000000000005,-0.014199999999999999,0.0016
2018-08-01,0.0344,0.0115,-0.04,0.0528,0.0016
2018-09-01,6e-4,-0.0229,-0.0171,4e-4,0.0015
2018-10-01,-0.0768,-0.047400000000000005,0.034,-0.0207,0.0019
2018-11-01,0.0169,-0.0068000000000000005,0.0028000000000000004,-0.0137,0.0018
2018-12-01,-0.09570000000000001,-0.023700000000000002,-0.018799999999999997,0.021099999999999997,0.002
2019-01-01,0.084,0.0288,-0.0045000000000000005,-0.0866,0.0021
2019-02-01,0.034,0.0206,-0.0271,0.0085,0.0018
2019-03-01,0.011000000000000001,-0.0305,-0.0412,0.0219,0.0019
2019-04-01,0.0397,-0.0172,0.0216,-0.0297,0.0021
2019-05-01,-0.0694,-0.0131,-0.023700000000000002,0.0758,0.0021
2019-06-01,0.0693,0.0028000000000000004,-0.006999999999999999,-0.0225,0.0018
2019-07-01,0.011899999999999999,-0.019299999999999998,0.004699999999999999,0.0288,0.0019
2019-08-01,-0.0258,-0.0239,-0.0479,0.0691,0.0016
2019-09-01,0.0143,-0.0097,0.0677,-0.0683,0.0018
2019-10-01,0.0206,0.0029,-0.019,0.0015,0.0016
2019-11-01,0.0388,0.0078000000000000005,-0.0199,-0.0264,0.0012
2019-12-01,0.0277,0.0073,0.0178,-0.0187,0.0014000000000000002
2020-01-01,-0.0011,-0.0313,-0.0625,0.059699999999999996,0.0013
2020-02-01,-0.08130000000000001,0.010700000000000001,-0.038,-0.0034999999999999996,0.0012
2020-03-01,-0.13390000000000002,-0.0479,-0.1388,0.0796,0.0013
2020-04-01,0.1365,0.0245,-0.0134,-0.0526,0
2020-05-01,0.0558,0.024900000000000002,-0.048499999999999995,0.0040999999999999995,1e-4
2020-06-01,0.0246,0.0269,-0.0223,-0.0073,1e-4
2020-07-01,0.057699999999999994,-0.023,-0.0144,0.0759,1e-4
2020-08-01,0.07629999999999999,-0.0028000000000000004,-0.0288,0.0044,1e-4
2020-09-01,-0.0363,-3e-4,-0.0265,0.031400000000000004,1e-4
2020-10-01,-0.021,0.042699999999999995,0.0431,-0.032,1e-4
2020-11-01,0.1247,0.0572,0.0215,-0.1247,1e-4
2020-12-01,0.0463,0.0479,-0.0134,-0.023799999999999998,1e-4
2021-01-01,-3e-4,0.075,0.0285,0.0453,1e-4
2021-02-01,0.0278,0.0207,0.071,-0.0793,0
2021-03-01,0.0308,-0.022799999999999997,0.0727,-0.0616,0
2021-04-01,0.0493,-0.032,-0.0095,0.012199999999999999,0
2021-05-01,0.0029,-0.0027,0.0713,0.009000000000000001,0
2021-06-01,0.0275,0.016,-0.0775,0.0216,0
2021-07-01,0.0127,-0.0394,-0.0181,-0.0231,0
2021-08-01,0.0291,-0.0046,-0.001,0.024900000000000002,0
2021-09-01,-0.0437,0.0067,0.051,0.015,0
2021-10-01,0.0665,-0.023700000000000002,-0.0045000000000000005,0.032400000000000005,0
2021-11-01,-0.0155,-0.0132,-0.0040999999999999995,0.0086,0
2021-12-01,0.031,-0.016399999999999998,0.0322,-0.0274,1e-4
2022-01-01,-0.0625,-0.0596,0.128,-0.0262,0
2022-02-01,-0.0229,0.0219,0.031,0.0177,0
2022-03-01,0.030600000000000002,-0.0166,-0.0176,0.0297,1e-4
2022-04-01,-0.0946,-0.0138,0.0617,0.0487,1e-4
2022-05-01,-0.0034000000000000002,-0.0196,0.0859,0.0246,3e-4
2022-06-01,-0.08439999999999999,0.0218,-0.061,0.0073,6e-4
2022-07-01,0.09570000000000001,0.027999999999999997,-0.0403,-0.0394,8e-4
2022-08-01,-0.0377,0.013999999999999999,0.0029,0.021,0.0019
2022-09-01,-0.0935,-0.008199999999999999,2e-4,0.0351,0.0019
2022-10-01,0.0783,7.000000000000001e-4,0.0806,0.039599999999999996,0.0023
2022-11-01,0.0461,-0.0351,0.0141,-0.019799999999999998,0.0029
2022-12-01,-0.0641,-0.0069,0.0134,0.0453,0.0033
2023-01-01,0.0664,0.0501,-0.04,-0.1602,0.0034999999999999996
2023-02-01,-0.0259,0.011699999999999999,-0.0083,0.0013,0.0034000000000000002
2023-03-01,0.025099999999999997,-0.055099999999999996,-0.08869999999999999,-0.0245,0.0036
2023-04-01,0.0060999999999999995,-0.0336,-5e-4,0.016200000000000003,0.0034999999999999996
2023-05-01,0.0034999999999999996,0.016,-0.0774,-0.006500000000000001,0.0036
2023-06-01,0.0647,0.0155,-0.002,-0.0235,0.004
2023-07-01,0.0321,0.020499999999999997,0.041100000000000005,-0.0405,0.0045000000000000005
2023-08-01,-0.0239,-0.032,-0.0108,0.0377,0.0045000000000000005
2023-09-01,-0.0524,-0.024900000000000002,0.014499999999999999,0.0024,0.0043
2023-10-01,-0.0318,-0.0388,0.0019,0.0168,0.004699999999999999
2023-11-01,0.0883,-3e-4,0.0166,0.0276,0.0044
2023-12-01,0.0487,0.0636,0.0492,-0.0548,0.0043
2024-01-01,0.006999999999999999,-0.050199999999999995,-0.024700000000000003,0.0508,0.004699999999999999
2024-02-01,0.0507,-0.0022,-0.0352,0.049800000000000004,0.0042
2024-03-01,0.028300000000000002,-0.025099999999999997,0.042199999999999994,-0.004,0.0043
2024-04-01,-0.0467,-0.0239,-0.0052,-0.0042,0.004699999999999999
2024-05-01,0.0434,0.0078000000000000005,-0.0167,-2e-4,0.0044
2024-06-01,0.0277,-0.030600000000000002,-0.0331,0.009000000000000001,0.0040999999999999995
2024-07-01,0.0124,0.068,0.0574,-0.0242,0.0045000000000000005
2024-08-01,0.0161,-0.0355,-0.0113,0.0479,0.0048
2024-09-01,0.0174,-0.0017000000000000001,-0.0259,-0.006,0.004
2024-10-01,-0.0097,-0.0101,0.0089,0.0287,0.0039000000000000003
2024-11-01,0.06509999999999999,0.0463,-5e-4,0.009000000000000001,0.004
2024-12-01,-0.0317,-0.0273,-0.029500000000000002,5e-4,0.0037
